,db_id,original_sql
1,tpch,"SELECT MAX(l.l_shipinstruct) AS max_l_l_shipinstruct, SUM(l.l_linenumber) AS sum_l_l_linenumber, MAX(l.l_returnflag) AS max_l_l_returnflag, AVG(l.l_linenumber) AS avg_l_l_linenumber, l.l_shipDATE AS l_l_shipDATE, SUM(l.l_extendedprice) AS sum_l_l_extendedprice, MAX(l.l_shipDATE) AS max_l_l_shipDATE, MIN(l.l_orderkey) AS min_l_l_orderkey, l.l_linenumber AS l_l_linenumber, AVG(l.l_tax) AS avg_l_l_tax FROM lineitem l WHERE EXISTS (SELECT COUNT(*) FROM (SELECT c_acctbal FROM customer UNION SELECT s_acctbal FROM (SELECT s_acctbal, COUNT(*) FROM supplier GROUP BY s_acctbal HAVING COUNT(*) > 5) AS subq_1) AS t_1) AND EXISTS (SELECT ps_supplycost FROM (SELECT ps_supplycost, ps_partkey FROM partsupp WHERE ps_partkey = 7 ) AS subq_2 WHERE ps_partkey > 6 ORDER BY ps_partkey) AND EXISTS (SELECT DISTINCT o_clerk FROM (SELECT o_clerk FROM orders UNION ALL SELECT c_phone FROM customer) AS u_3 JOIN lineitem ON u_3.o_clerk = l_shipinstruct) AND l.l_extendedprice = (SELECT COUNT(DISTINCT p_partkey) FROM part JOIN (SELECT ps_partkey FROM partsupp WHERE ps_availqty > 150 UNION ALL SELECT ps_partkey FROM partsupp WHERE ps_supplycost < 8) AS subq_4 ON part.p_partkey = subq_4.ps_partkey) AND l.l_partkey > (SELECT COUNT(DISTINCT c_nationkey) FROM (SELECT c_nationkey, c_phone FROM customer WHERE c_acctbal > 2000 AND c_mktsegment = 'AUTOMOBILE' ) t) AND l.l_partkey = 20383 AND l.l_tax >= 0.07236734545520056 AND l.l_shipmode LIKE 'TRUCK%' AND l.l_linenumber > 4 AND l.l_shipinstruct LIKE 'NONE%'  GROUP BY l.l_linenumber, l.l_shipDATE LIMIT 50;"
2,tpch,"SELECT AVG(p.p_partkey) AS avg_p_p_partkey, MIN(p.p_type) AS min_p_p_type, p.p_comment AS p_p_comment, MAX(p.p_partkey) AS max_p_p_partkey, COUNT(p.p_container) AS count_p_p_container, MAX(p.p_name) AS max_p_p_name, p.p_retailprice AS p_p_retailprice, MIN(p.p_container) AS min_p_p_container, AVG(p.p_retailprice) AS avg_p_p_retailprice, p.p_container AS p_p_container FROM part p WHERE EXISTS (SELECT DISTINCT o_comment FROM orders UNION SELECT DISTINCT s_comment FROM supplier WHERE s_nationkey = 6 UNION SELECT DISTINCT l_comment FROM lineitem WHERE l_quantity > 30) AND EXISTS (SELECT COUNT(l_linenumber) FROM (SELECT l_linenumber, l_returnflag FROM lineitem JOIN orders ON l_orderkey = o_orderkey WHERE l_discount < 0.1 ) AS t_2 GROUP BY l_returnflag ORDER BY l_returnflag) AND EXISTS (SELECT o_3.o_orderstatus FROM orders o_3 WHERE o_3.o_orderkey IN (SELECT l_3.l_orderkey FROM lineitem l_3 WHERE l_3.l_quantity < 15 UNION ALL SELECT l2_3.l_orderkey FROM lineitem l2_3 WHERE l2_3.l_extendedprice > 800 GROUP BY l2_3.l_orderkey) AND o_3.o_totalprice > 3000) AND p.p_comment IN (SELECT DISTINCT p_comment FROM part UNION SELECT DISTINCT s_comment FROM supplier WHERE s_acctbal < 3500 UNION SELECT DISTINCT l_comment FROM lineitem WHERE l_quantity > 20) AND EXISTS (SELECT c_5.c_phone FROM customer c_5 WHERE c_5.c_custkey IN (SELECT o_5.o_custkey FROM orders o_5 WHERE o_5.o_totalprice > 2000 UNION ALL SELECT o2_5.o_custkey FROM orders o2_5 WHERE o2_5.o_orderdate < DATE '1994-06-01' GROUP BY o2_5.o_custkey) AND c_5.c_acctbal > 500) AND p.p_retailprice = 1937.476872958308 AND p.p_type LIKE 'PROMO PLATED COPPER%' AND p.p_size <= 38 AND p.p_mfgr LIKE 'Manufacturer#2%' AND p.p_brand LIKE 'Brand#33%'  GROUP BY p.p_retailprice, p.p_comment, p.p_container LIMIT 30;"
3,tpch,"SELECT COUNT(c.c_acctbal) AS count_c_c_acctbal, MIN(p.p_name) AS min_p_p_name, AVG(p.p_partkey) AS avg_p_p_partkey, COUNT(ps.ps_supplycost) AS count_ps_ps_supplycost, MIN(p.p_mfgr) AS min_p_p_mfgr, MAX(ps.ps_supplycost) AS max_ps_ps_supplycost, COUNT(ps.ps_availqty) AS count_ps_ps_availqty, COUNT(p.p_comment) AS count_p_p_comment, COUNT(p.p_retailprice) AS count_p_p_retailprice, p.p_comment AS p_p_comment FROM customer c, part p, partsupp ps WHERE c.c_name IN (SELECT DISTINCT c_name FROM customer UNION SELECT n_name FROM nation UNION SELECT n_name FROM (SELECT DISTINCT n_name FROM nation AS n1_1 WHERE n_regionkey = 1) AS subq_1) AND p.p_mfgr IN (SELECT DISTINCT p_mfgr FROM part UNION SELECT p_brand FROM part WHERE p_retailprice < 50) AND ps.ps_supplycost IN (SELECT ps_supplycost FROM (SELECT ps_supplycost, ps_partkey FROM partsupp WHERE ps_partkey = 7 ) AS subq_3 WHERE ps_partkey > 6 ORDER BY ps_partkey) AND EXISTS (SELECT COUNT(o_orderkey) FROM (SELECT o_orderkey, o_clerk FROM orders WHERE o_orderdate BETWEEN DATE '1997-01-01' AND DATE '1997-06-30' ) t GROUP BY o_clerk ORDER BY o_clerk) AND EXISTS (SELECT o_orderpriority FROM (SELECT o_orderpriority, o_shippriority FROM orders ) AS subq_5 UNION SELECT p_mfgr FROM part) AND ps.ps_partkey = p.p_partkey AND ps.ps_supplycost >= 78.43010199272007 AND c.c_custkey >= 50671 AND p.p_size < 4 AND ps.ps_availqty <= 658 AND ps.ps_partkey <= 85662  GROUP BY p.p_comment LIMIT 10;"
4,tpch,"SELECT MIN(l.l_linenumber) AS min_l_l_linenumber, c.c_name AS c_c_name, MAX(l.l_tax) AS max_l_l_tax, COUNT(c.c_custkey) AS count_c_c_custkey, COUNT(l.l_extendedprice) AS count_l_l_extendedprice, l.l_returnflag AS l_l_returnflag, MIN(c.c_comment) AS min_c_c_comment, MAX(l.l_shipinstruct) AS max_l_l_shipinstruct, MAX(c.c_phone) AS max_c_c_phone, MIN(l.l_linestatus) AS min_l_l_linestatus FROM customer c, lineitem l WHERE l.l_tax > (SELECT COUNT(DISTINCT l_orderkey) FROM (SELECT l_orderkey FROM lineitem WHERE l_shipdate > '1998-01-01' UNION ALL SELECT o_orderkey FROM orders WHERE o_orderdate < '1995-01-01') t JOIN customer ON c_custkey = t.l_orderkey) AND EXISTS (SELECT COUNT(DISTINCT p_partkey) FROM part WHERE p_size > 10 UNION ALL SELECT COUNT(DISTINCT ps_suppkey) FROM partsupp WHERE ps_availqty < 1000 UNION ALL SELECT 0 FROM supplier WHERE s_nationkey = 4) AND c.c_acctbal = (SELECT COUNT(DISTINCT n_nationkey) FROM (SELECT n_nationkey, n_comment FROM nation WHERE n_regionkey > 2 ) t) AND l.l_quantity = (SELECT COUNT(DISTINCT r_regionkey) FROM region WHERE r_name = 'EUROPE' AND (r_regionkey = 1 OR r_regionkey = 2) AND 9+9=18 AND r_regionkey IN (SELECT n_regionkey FROM nation WHERE n_name = 'GERMANY' AND 10*11=110)) AND EXISTS (SELECT c_comment FROM customer WHERE c_custkey IN (SELECT o_custkey FROM orders WHERE o_orderdate > '1996-01-01' UNION SELECT o_custkey FROM orders WHERE o_orderpriority = '4-NOT SPECIFIED')) AND l.l_shipinstruct LIKE 'NONE%' AND l.l_extendedprice > 14000.751847761561 AND c.c_custkey <= 28438 AND l.l_receiptdate < '1994-10-12' AND l.l_tax > 0.04952679097933537  GROUP BY c.c_name, l.l_returnflag LIMIT 100;"
5,tpch,"SELECT AVG(l.l_tax) AS avg_l_l_tax, MIN(s.s_suppkey) AS min_s_s_suppkey, COUNT(s.s_comment) AS count_s_s_comment, MIN(l.l_shipinstruct) AS min_l_l_shipinstruct, MAX(l.l_commitDATE) AS max_l_l_commitDATE, MAX(r.r_comment) AS max_r_r_comment, AVG(l.l_partkey) AS avg_l_l_partkey, MIN(s.s_comment) AS min_s_s_comment, MIN(l.l_comment) AS min_l_l_comment, SUM(s.s_suppkey) AS sum_s_s_suppkey FROM lineitem l, region r, supplier s WHERE s.s_name IN (SELECT DISTINCT s_name FROM supplier UNION SELECT p_name FROM part UNION SELECT p_name FROM (SELECT DISTINCT p_name FROM part AS p1_1 WHERE p_size > 10) AS subq_1) AND l.l_suppkey = (SELECT COUNT(DISTINCT p_partkey) FROM part JOIN (SELECT ps_partkey FROM partsupp WHERE ps_availqty < 50 UNION ALL SELECT ps_partkey FROM partsupp WHERE ps_supplycost > 30) AS subq_2 ON part.p_partkey = subq_2.ps_partkey) AND EXISTS (SELECT SUM(l_extendedprice * (1 - l_discount)) AS revenue_3 FROM lineitem, orders, customer, nation, region WHERE c_custkey = o_custkey AND l_orderkey = o_orderkey AND c_nationkey = n_nationkey AND n_regionkey = r_regionkey AND r_name = 'ASIA' AND o_orderdate >= DATE '1994-01-01' AND o_orderdate < DATE '1995-01-01' GROUP BY n_name, 1+0 ORDER BY n_name, 1+0) AND l.l_orderkey = (SELECT COUNT(DISTINCT c_custkey) FROM (SELECT c_custkey FROM customer WHERE c_acctbal > 5000 UNION ALL SELECT o_custkey FROM orders WHERE o_totalprice < 1000) t JOIN nation ON n_nationkey = t.c_custkey) AND r.r_regionkey > (SELECT COUNT(DISTINCT c_custkey) FROM customer WHERE c_acctbal < 3000 AND (c_mktsegment = 'FURNITURE' OR c_mktsegment = 'HOUSEHOLD') AND c_phone LIKE '30%') AND l.l_returnflag LIKE 'R%' AND l.l_commitdate > '1995-08-19' AND l.l_partkey >= 29515 AND l.l_discount <= 0.048670049252910276 AND l.l_linestatus LIKE 'O%'  LIMIT 100;"
6,tpch,"SELECT MIN(p.p_partkey) AS min_p_p_partkey, MIN(p.p_brand) AS min_p_p_brand, MAX(p.p_size) AS max_p_p_size, MIN(l.l_shipmode) AS min_l_l_shipmode, AVG(ps.ps_supplycost) AS avg_ps_ps_supplycost, MIN(ps.ps_availqty) AS min_ps_ps_availqty, AVG(l.l_suppkey) AS avg_l_l_suppkey, SUM(l.l_partkey) AS sum_l_l_partkey, MIN(l.l_shipinstruct) AS min_l_l_shipinstruct, COUNT(l.l_tax) AS count_l_l_tax FROM lineitem l, part p, partsupp ps WHERE p.p_mfgr IN (SELECT DISTINCT p_mfgr FROM part UNION SELECT s_name FROM supplier UNION SELECT s_name FROM (SELECT DISTINCT s_name FROM supplier AS s1_1 WHERE s_acctbal < 5000) AS subq_1) AND EXISTS (SELECT s_2.s_address FROM supplier s_2 WHERE s_2.s_suppkey IN (SELECT ps_2.ps_suppkey FROM partsupp ps_2 WHERE ps_2.ps_supplycost > 100 UNION ALL SELECT ps2_2.ps_suppkey FROM partsupp ps2_2 WHERE ps2_2.ps_availqty < 20 GROUP BY ps2_2.ps_suppkey) AND s_2.s_acctbal < 3000) AND ps.ps_supplycost IN (SELECT DISTINCT ps_supplycost FROM partsupp UNION SELECT l_discount FROM lineitem UNION SELECT l_discount FROM (SELECT DISTINCT l_discount FROM lineitem AS l1_3 WHERE l_quantity < 15) AS subq_3) AND EXISTS (SELECT MIN(ps_supplycost) FROM (SELECT ps_supplycost, ps_suppkey FROM partsupp WHERE ps_availqty < 30 ) t GROUP BY ps_suppkey ORDER BY ps_suppkey) AND l.l_extendedprice = (SELECT COUNT(DISTINCT o_orderkey) FROM orders WHERE o_custkey IN (SELECT c_custkey FROM customer WHERE c_acctbal > 2000 UNION SELECT c_custkey FROM customer WHERE c_mktsegment = 'MACHINERY')) AND ps.ps_partkey = l.l_partkey AND ps.ps_suppkey = l.l_suppkey AND ps.ps_partkey = p.p_partkey AND l.l_linestatus LIKE 'F%' AND l.l_returnflag LIKE 'A%' AND p.p_brand LIKE 'Brand#32%' AND ps.ps_partkey < 39236 AND p.p_name LIKE 'bisque antique orange misty pale%'  LIMIT 10;"
7,tpch,"SELECT MAX(p.p_comment) AS max_p_p_comment, MAX(l.l_shipDATE) AS max_l_l_shipDATE, MIN(l.l_partkey) AS min_l_l_partkey, SUM(l.l_extendedprice) AS sum_l_l_extendedprice, MAX(l.l_commitDATE) AS max_l_l_commitDATE, p.p_comment AS p_p_comment, COUNT(l.l_linestatus) AS count_l_l_linestatus, COUNT(l.l_discount) AS count_l_l_discount, MAX(p.p_partkey) AS max_p_p_partkey, COUNT(l.l_extendedprice) AS count_l_l_extendedprice FROM lineitem l, part p WHERE p.p_retailprice = (SELECT COUNT(DISTINCT n_nationkey) FROM nation JOIN (SELECT s_nationkey FROM supplier WHERE s_acctbal > 3000 UNION ALL SELECT s_nationkey FROM supplier WHERE s_comment LIKE '%excellent%') AS subq_1 ON nation.n_nationkey = subq_1.s_nationkey) AND l.l_suppkey > (SELECT COUNT(DISTINCT n_nationkey) FROM (SELECT n_nationkey, n_comment FROM nation WHERE n_regionkey > 2 ) t) AND EXISTS (SELECT MAX(s_acctbal) FROM (SELECT s_acctbal, s_nationkey FROM supplier WHERE s_nationkey BETWEEN 1 AND 5 ) t GROUP BY s_nationkey ORDER BY s_nationkey) AND p.p_partkey = (SELECT COUNT(DISTINCT c_custkey) FROM customer JOIN (SELECT o_custkey FROM orders WHERE o_totalprice < 500 UNION ALL SELECT o_custkey FROM orders WHERE o_orderdate < '1994-01-01') AS subq_4 ON customer.c_custkey = subq_4.o_custkey) AND l.l_suppkey = (SELECT COUNT(DISTINCT p_partkey) FROM (SELECT p_partkey, p_type FROM part WHERE p_size < 15 AND p_retailprice > 100 ) t) AND l.l_returnflag LIKE 'R%' AND l.l_linestatus LIKE 'F%' AND l.l_tax = 0.01879539161300256 AND l.l_shipmode LIKE 'MAIL%' AND l.l_partkey < 115263  GROUP BY p.p_comment LIMIT 30;"
8,tpch,"SELECT COUNT(ps.ps_suppkey) AS count_ps_ps_suppkey, MAX(c.c_address) AS max_c_c_address, AVG(c.c_custkey) AS avg_c_c_custkey, MIN(c.c_comment) AS min_c_c_comment, COUNT(ps.ps_supplycost) AS count_ps_ps_supplycost, AVG(ps.ps_supplycost) AS avg_ps_ps_supplycost, AVG(ps.ps_suppkey) AS avg_ps_ps_suppkey, COUNT(c.c_acctbal) AS count_c_c_acctbal, c.c_name AS c_c_name, MAX(c.c_custkey) AS max_c_c_custkey FROM customer c, partsupp ps WHERE EXISTS (SELECT AVG(l_quantity) FROM (SELECT l_quantity, l_linestatus FROM lineitem WHERE l_shipdate > '1995-03-01' UNION ALL SELECT l_quantity, l_linestatus FROM lineitem WHERE l_shipdate <= '1995-03-01' GROUP BY l_quantity, l_linestatus) t JOIN (SELECT o_orderkey, o_totalprice FROM orders) o ON t.l_quantity = o.o_orderkey GROUP BY o.o_totalprice) AND c.c_custkey > (SELECT COUNT(*) FROM (SELECT l_shipinstruct FROM lineitem UNION ALL SELECT p_container FROM part ) t) AND EXISTS (SELECT COUNT(s_suppkey) FROM (SELECT s_suppkey, s_nationkey FROM supplier JOIN nation ON s_nationkey = n_nationkey WHERE s_acctbal < 5000 ) AS t_3 GROUP BY s_nationkey ORDER BY s_nationkey) AND ps.ps_supplycost = (SELECT COUNT(DISTINCT c_custkey) FROM (SELECT c_custkey, c_address FROM customer WHERE c_acctbal < 1000 ) t) AND ps.ps_suppkey = (SELECT COUNT(*) FROM (SELECT o_comment FROM orders UNION ALL SELECT ps_comment FROM partsupp ) t) AND ps.ps_supplycost < 238.67332599628264 AND ps.ps_partkey = 182296 AND c.c_name LIKE 'Customer#000007090%' AND c.c_acctbal <= 458.9463275371306 AND c.c_custkey = 66699  GROUP BY c.c_name LIMIT 50;"
9,tpch,"SELECT MAX(ps.ps_supplycost) AS max_ps_ps_supplycost, COUNT(s.s_name) AS count_s_s_name, s.s_suppkey AS s_s_suppkey, s.s_comment AS s_s_comment, MAX(o.o_shippriority) AS max_o_o_shippriority, COUNT(s.s_comment) AS count_s_s_comment, MAX(s.s_name) AS max_s_s_name, MAX(o.o_orderDATE) AS max_o_o_orderDATE, MAX(o.o_clerk) AS max_o_o_clerk, MIN(o.o_comment) AS min_o_o_comment FROM orders o, partsupp ps, supplier s WHERE EXISTS (SELECT COUNT(*) FROM (SELECT c_address FROM customer UNION SELECT s_address FROM (SELECT s_address, COUNT(*) FROM supplier GROUP BY s_address HAVING COUNT(*) > 3) AS subq_1) AS t_1) AND o.o_comment IN (SELECT DISTINCT o_comment FROM orders UNION SELECT DISTINCT s_comment FROM supplier WHERE s_nationkey = 6 UNION SELECT DISTINCT l_comment FROM lineitem WHERE l_quantity > 30) AND EXISTS (SELECT p_3.p_brand FROM part p_3 WHERE p_3.p_partkey IN (SELECT l_3.l_partkey FROM lineitem l_3 WHERE l_3.l_discount > 0.1 UNION ALL SELECT l2_3.l_partkey FROM lineitem l2_3 WHERE l2_3.l_shipdate > DATE '1995-12-31' GROUP BY l2_3.l_partkey) AND p_3.p_size > 15) AND s.s_suppkey > (SELECT COUNT(DISTINCT s_suppkey) FROM supplier WHERE s_acctbal > 2000 AND (s_nationkey = 3 OR s_nationkey = 4) AND s_phone LIKE '40%') AND ps.ps_supplycost > (SELECT COUNT(DISTINCT o_orderkey) FROM orders WHERE o_custkey IN (SELECT c_custkey FROM customer WHERE c_acctbal > 2000 UNION SELECT c_custkey FROM customer WHERE c_mktsegment = 'MACHINERY')) AND ps.ps_suppkey = s.s_suppkey AND ps.ps_suppkey > 364 AND s.s_suppkey = 8115 AND ps.ps_availqty > 4043 AND s.s_acctbal < 2351.4023193828025 AND o.o_totalprice > 83547.53181840034  GROUP BY s.s_suppkey, s.s_comment LIMIT 30;"
10,tpch,"SELECT MAX(l.l_discount) AS max_l_l_discount, SUM(l.l_extendedprice) AS sum_l_l_extendedprice, SUM(l.l_tax) AS sum_l_l_tax, MIN(l.l_suppkey) AS min_l_l_suppkey, MIN(l.l_orderkey) AS min_l_l_orderkey, SUM(l.l_quantity) AS sum_l_l_quantity, AVG(l.l_partkey) AS avg_l_l_partkey, MIN(l.l_shipDATE) AS min_l_l_shipDATE, MAX(l.l_comment) AS max_l_l_comment, MAX(l.l_linestatus) AS max_l_l_linestatus FROM lineitem l WHERE EXISTS (SELECT SUM(ps_supplycost) FROM (SELECT ps_supplycost, ps_partkey FROM partsupp JOIN supplier ON ps_suppkey = s_suppkey WHERE s_nationkey = 4 UNION SELECT ps_supplycost, ps_partkey FROM partsupp JOIN part ON ps_partkey = p_partkey WHERE p_size < 15 AND p_type IN (SELECT p_type FROM part WHERE p_retailprice > 100)) AS subq_1 GROUP BY ps_partkey) AND EXISTS (SELECT MAX(p_retailprice) FROM (SELECT p_retailprice, p_container FROM part WHERE p_size > 10 UNION ALL SELECT p_retailprice, p_container FROM part WHERE p_size <= 10 GROUP BY p_retailprice, p_container) p JOIN (SELECT ps_partkey, ps_supplycost FROM partsupp) ps ON p.p_retailprice = ps.ps_partkey GROUP BY ps.ps_supplycost) AND EXISTS (SELECT o_3.o_orderstatus FROM orders o_3 WHERE o_3.o_orderkey IN (SELECT l_3.l_orderkey FROM lineitem l_3 WHERE l_3.l_quantity < 15 UNION ALL SELECT l2_3.l_orderkey FROM lineitem l2_3 WHERE l2_3.l_extendedprice > 800 GROUP BY l2_3.l_orderkey) AND o_3.o_totalprice > 3000) AND EXISTS (SELECT DISTINCT l_linestatus FROM (SELECT l_linestatus FROM lineitem UNION ALL SELECT o_orderpriority FROM orders) AS u_4 JOIN supplier ON u_4.l_linestatus = s_phone) AND l.l_tax > (SELECT COUNT(DISTINCT ps_suppkey) FROM partsupp WHERE ps_availqty < 75 AND (ps_supplycost > 150 OR ps_supplycost < 250) AND 5+6=11 AND ps_partkey IN (SELECT p_partkey FROM part WHERE p_retailprice < 75 AND 7*8=56)) AND l.l_receiptdate < '1996-10-26' AND l.l_tax < 0.012883922161216121 AND l.l_commitdate < '1994-08-06' AND l.l_shipmode LIKE 'MAIL%' AND l.l_shipdate <= '1992-10-05'  LIMIT 30;"
11,tpch,"SELECT MAX(s.s_comment) AS max_s_s_comment, s.s_comment AS s_s_comment, SUM(s.s_nationkey) AS sum_s_s_nationkey, COUNT(s.s_acctbal) AS count_s_s_acctbal, s.s_acctbal AS s_s_acctbal, AVG(s.s_acctbal) AS avg_s_s_acctbal, COUNT(s.s_comment) AS count_s_s_comment, MIN(s.s_name) AS min_s_s_name, MAX(s.s_address) AS max_s_s_address, MIN(s.s_suppkey) AS min_s_s_suppkey FROM supplier s WHERE EXISTS (SELECT COUNT(c_custkey) FROM (SELECT c_custkey, c_mktsegment FROM customer WHERE c_acctbal > 1000 ) t GROUP BY c_mktsegment ORDER BY c_mktsegment) AND s.s_suppkey = (SELECT COUNT(DISTINCT s_suppkey) FROM supplier WHERE s_acctbal > 1000 AND (s_nationkey = 5 OR s_nationkey = 10) AND 4+4=8 AND s_nationkey IN (SELECT n_nationkey FROM nation WHERE n_regionkey = 1 AND 5*6=30)) AND EXISTS (SELECT COUNT(o_orderkey) FROM (SELECT o_orderkey, o_orderstatus FROM orders JOIN customer ON o_custkey = c_custkey WHERE c_mktsegment = 'BUILDING' UNION SELECT o_orderkey, o_orderstatus FROM orders JOIN lineitem ON o_orderkey = l_orderkey WHERE l_quantity > 20 AND l_shipdate IN (SELECT l_shipdate FROM lineitem WHERE l_receiptdate < '1996-01-01')) AS subq_3 GROUP BY o_orderstatus) AND EXISTS (SELECT l_returnflag FROM (SELECT l_returnflag FROM lineitem WHERE l_orderkey IN (SELECT o_orderkey FROM orders WHERE o_orderdate > '1996-12-31' ) UNION ALL SELECT l_returnflag FROM lineitem WHERE l_discount > 0.05) t GROUP BY l_returnflag ORDER BY l_returnflag) AND EXISTS (SELECT SUM(l_quantity) FROM (SELECT l_quantity FROM lineitem UNION ALL SELECT l_quantity FROM lineitem) t GROUP BY l_quantity ORDER BY l_quantity) AND s.s_suppkey > 2583 AND s.s_suppkey < 5485 AND s.s_name LIKE 'Supplier#000007814%' AND s.s_nationkey > 5 AND s.s_nationkey < 13  GROUP BY s.s_comment, s.s_acctbal LIMIT 50;"
12,tpch,"SELECT COUNT(l.l_extendedprice) AS count_l_l_extendedprice, l.l_shipDATE AS l_l_shipDATE, COUNT(p.p_partkey) AS count_p_p_partkey, COUNT(l.l_orderkey) AS count_l_l_orderkey, SUM(ps.ps_suppkey) AS sum_ps_ps_suppkey, SUM(l.l_orderkey) AS sum_l_l_orderkey, COUNT(l.l_discount) AS count_l_l_discount, l.l_shipinstruct AS l_l_shipinstruct, AVG(l.l_tax) AS avg_l_l_tax, MAX(l.l_quantity) AS max_l_l_quantity FROM lineitem l, part p, partsupp ps WHERE ps.ps_supplycost IN (SELECT ps_supplycost FROM (SELECT ps_supplycost, ps_partkey FROM partsupp WHERE ps_partkey = 7 ) AS subq_1 WHERE ps_partkey > 6 ORDER BY ps_partkey) AND p.p_size > (SELECT COUNT(DISTINCT l_orderkey) FROM lineitem JOIN (SELECT o_orderkey FROM orders UNION ALL SELECT o_orderkey FROM orders WHERE o_totalprice > 5000) AS order_union_2 ON lineitem.l_orderkey = order_union_2.o_orderkey) AND EXISTS (SELECT s_name FROM supplier WHERE s_suppkey IN (SELECT ps_suppkey FROM partsupp WHERE ps_supplycost > 70 UNION SELECT s_suppkey FROM supplier WHERE s_acctbal > 4000) AND s_nationkey IN (SELECT n_nationkey FROM nation JOIN region ON n_regionkey = r_regionkey WHERE r_name = 'ASIA')) AND l.l_extendedprice > (SELECT COUNT(DISTINCT c_custkey) FROM (SELECT c_custkey, c_address FROM customer WHERE c_acctbal < 1000 ) t) AND EXISTS (SELECT n_comment FROM (SELECT n_comment, n_nationkey FROM nation ) AS subq_5 UNION SELECT l_shipinstruct FROM lineitem) AND ps.ps_partkey = l.l_partkey AND ps.ps_suppkey = l.l_suppkey AND ps.ps_partkey = p.p_partkey AND p.p_name LIKE 'rosy coral aquamarine light medium%' AND l.l_partkey = 193552 AND p.p_brand LIKE 'Brand#24%' AND l.l_extendedprice >= 29545.23869701149 AND l.l_commitdate >= '1993-09-12'  GROUP BY l.l_shipinstruct, l.l_shipDATE LIMIT 30;"
13,tpch,"SELECT p.p_size AS p_p_size, COUNT(n.n_nationkey) AS count_n_n_nationkey, COUNT(p.p_mfgr) AS count_p_p_mfgr, SUM(n.n_nationkey) AS sum_n_n_nationkey, COUNT(p.p_size) AS count_p_p_size, COUNT(p.p_name) AS count_p_p_name, SUM(p.p_retailprice) AS sum_p_p_retailprice, MAX(p.p_comment) AS max_p_p_comment, p.p_comment AS p_p_comment, p.p_brand AS p_p_brand FROM nation n, part p WHERE n.n_nationkey > (SELECT COUNT(DISTINCT c_custkey) FROM customer WHERE c_acctbal > 2500 AND (c_nationkey = 12 OR c_nationkey = 18) AND 4+5=9 AND c_nationkey IN (SELECT n_nationkey FROM nation WHERE n_regionkey = 5 AND 6*8=48)) AND p.p_partkey = (SELECT COUNT(*) FROM (SELECT p_brand FROM part UNION ALL SELECT n_name FROM nation ) t) AND n.n_nationkey > (SELECT COUNT(DISTINCT o_orderkey) FROM orders WHERE o_custkey IN (SELECT c_custkey FROM customer WHERE c_acctbal > 2000 UNION SELECT c_custkey FROM customer WHERE c_mktsegment = 'MACHINERY')) AND EXISTS (SELECT COUNT(*) FROM (SELECT s_suppkey FROM supplier UNION SELECT l_suppkey FROM (SELECT l_suppkey, COUNT(*) FROM lineitem GROUP BY l_suppkey HAVING COUNT(*) > 15) AS subq_4) AS t_4) AND EXISTS (SELECT l_shipmode FROM (SELECT l_shipmode FROM lineitem WHERE l_orderkey IN (SELECT o_orderkey FROM orders WHERE o_orderdate < '1994-01-01' ) UNION ALL SELECT l_shipmode FROM lineitem WHERE l_quantity > 25) t GROUP BY l_shipmode ORDER BY l_shipmode) AND n.n_regionkey <= 3 AND n.n_name LIKE 'UNITED KINGDOM%' AND p.p_retailprice >= 2086.9835391019183 AND p.p_container LIKE 'WRAP JAR%' AND p.p_type LIKE 'MEDIUM BURNISHED BRASS%'  GROUP BY p.p_brand, p.p_size, p.p_comment LIMIT 10;"
14,tpch,"SELECT MAX(s.s_nationkey) AS max_s_s_nationkey, MIN(s.s_acctbal) AS min_s_s_acctbal, AVG(p.p_partkey) AS avg_p_p_partkey, s.s_suppkey AS s_s_suppkey, s.s_address AS s_s_address, COUNT(s.s_phone) AS count_s_s_phone, COUNT(s.s_acctbal) AS count_s_s_acctbal, p.p_comment AS p_p_comment, COUNT(p.p_mfgr) AS count_p_p_mfgr, SUM(p.p_retailprice) AS sum_p_p_retailprice FROM part p, supplier s WHERE EXISTS (SELECT DISTINCT ps_availqty FROM partsupp UNION SELECT l_quantity FROM lineitem UNION SELECT l_quantity FROM (SELECT DISTINCT l_quantity FROM lineitem AS l1_1 WHERE l_shipdate < '1995-01-01') AS subq_1) AND s.s_acctbal = (SELECT COUNT(DISTINCT o_orderkey) FROM (SELECT o_orderkey FROM orders WHERE o_totalprice > 3000 UNION ALL SELECT l_orderkey FROM lineitem WHERE l_quantity < 15) t JOIN customer ON c_custkey = t.o_orderkey) AND EXISTS (SELECT s_name FROM (SELECT s_name FROM supplier WHERE s_suppkey IN (SELECT ps_suppkey FROM partsupp WHERE ps_supplycost > 10 ) UNION ALL SELECT s_name FROM supplier WHERE s_acctbal > 5000) t GROUP BY s_name ORDER BY s_name) AND EXISTS (SELECT COUNT(*) FROM (SELECT r_regionkey FROM region UNION SELECT n_regionkey FROM (SELECT n_regionkey, COUNT(*) FROM nation GROUP BY n_regionkey HAVING COUNT(*) > 1) AS subq_4) AS t_4) AND p.p_name IN (SELECT p_name FROM part WHERE p_partkey IN (SELECT ps_partkey FROM partsupp JOIN supplier ON ps_suppkey = s_suppkey WHERE s_acctbal > 3000 UNION SELECT ps_partkey FROM partsupp JOIN supplier ON ps_suppkey = s_suppkey WHERE s_acctbal < 1000 UNION SELECT ps_partkey FROM partsupp JOIN supplier ON ps_suppkey = s_suppkey WHERE s_acctbal > 5000)) AND p.p_retailprice <= 1042.692160196057 AND s.s_suppkey > 2621 AND p.p_size >= 46 AND p.p_name LIKE 'red floral peach saddle grey%' AND p.p_container LIKE 'MED CASE%'  GROUP BY s.s_suppkey, s.s_address, p.p_comment LIMIT 100;"
15,tpch,"SELECT AVG(l.l_partkey) AS avg_l_l_partkey, COUNT(l.l_shipinstruct) AS count_l_l_shipinstruct, COUNT(r.r_name) AS count_r_r_name, MAX(l.l_shipDATE) AS max_l_l_shipDATE, SUM(l.l_tax) AS sum_l_l_tax, MAX(l.l_shipinstruct) AS max_l_l_shipinstruct, l.l_shipmode AS l_l_shipmode, l.l_partkey AS l_l_partkey, SUM(l.l_orderkey) AS sum_l_l_orderkey, MAX(l.l_partkey) AS max_l_l_partkey FROM lineitem l, region r WHERE EXISTS (SELECT DISTINCT c_comment FROM customer UNION SELECT DISTINCT n_name FROM nation WHERE n_regionkey = 4 UNION SELECT DISTINCT p_container FROM part WHERE p_size > 15) AND l.l_quantity = (SELECT COUNT(DISTINCT o_orderkey) FROM orders JOIN (SELECT c_custkey FROM customer WHERE c_mktsegment = 'FURNITURE' UNION ALL SELECT c_custkey FROM customer WHERE c_acctbal < 800) AS cust_union_2 ON orders.o_custkey = cust_union_2.c_custkey) AND l.l_quantity = (SELECT COUNT(DISTINCT ps_partkey) FROM (SELECT ps_partkey, ps_supplycost FROM partsupp WHERE ps_availqty > 50 ) t) AND EXISTS (SELECT COUNT(c_custkey) FROM (SELECT c_custkey, c_mktsegment FROM customer JOIN orders ON c_custkey = o_custkey ) AS t_4 GROUP BY c_mktsegment ORDER BY c_mktsegment) AND r.r_regionkey = (SELECT COUNT(DISTINCT p_partkey) FROM (SELECT p_partkey, p_name FROM part WHERE p_size > 20 ) t) AND r.r_name LIKE 'AMERICA%' AND l.l_suppkey > 4212 AND l.l_discount <= 0.01532954260148739 AND l.l_quantity < 6.659519279194389 AND l.l_tax <= 0.06817407029295652  GROUP BY l.l_partkey, l.l_shipmode LIMIT 100;"
16,tpch,"SELECT s.s_comment AS s_s_comment, s.s_suppkey AS s_s_suppkey, s.s_acctbal AS s_s_acctbal, SUM(s.s_acctbal) AS sum_s_s_acctbal, MAX(s.s_nationkey) AS max_s_s_nationkey, MAX(s.s_acctbal) AS max_s_s_acctbal, COUNT(s.s_acctbal) AS count_s_s_acctbal, MIN(s.s_name) AS min_s_s_name, AVG(s.s_acctbal) AS avg_s_s_acctbal, AVG(s.s_nationkey) AS avg_s_s_nationkey FROM supplier s WHERE EXISTS (SELECT AVG(s_acctbal) FROM (SELECT s_acctbal, s_name FROM supplier JOIN region ON s_nationkey = r_regionkey WHERE r_name = 'ASIA' UNION SELECT s_acctbal, s_name FROM supplier JOIN partsupp ON s_suppkey = ps_suppkey WHERE ps_supplycost < 100 AND ps_availqty IN (SELECT ps_availqty FROM partsupp WHERE ps_partkey > 1000)) AS subq_1 GROUP BY s_name) AND s.s_nationkey > (SELECT COUNT(DISTINCT s_nationkey) FROM (SELECT s_nationkey, s_address FROM supplier WHERE s_acctbal > 7000 ) t) AND EXISTS (SELECT SUM(c_acctbal) FROM (SELECT c_acctbal, c_nationkey FROM customer JOIN nation ON c_nationkey = n_nationkey WHERE c_acctbal > 1000 ) AS t_3 GROUP BY c_nationkey ORDER BY c_nationkey) AND EXISTS (SELECT c_comment FROM (SELECT c_comment, c_nationkey FROM customer WHERE c_nationkey = 5 ) AS subq_4 WHERE c_nationkey > 4 ORDER BY c_nationkey) AND EXISTS (SELECT DISTINCT o_orderstatus FROM orders UNION SELECT DISTINCT s_name FROM supplier WHERE s_acctbal < 3000 UNION SELECT DISTINCT l_linestatus FROM lineitem WHERE l_extendedprice > 50) AND s.s_suppkey > 5758 AND s.s_suppkey < 6174 AND s.s_name LIKE 'Supplier#000009518%' AND s.s_nationkey > 14 AND s.s_nationkey < 15  GROUP BY s.s_suppkey, s.s_comment, s.s_acctbal LIMIT 10;"
17,tpch,"SELECT MAX(l.l_quantity) AS max_l_l_quantity, l.l_discount AS l_l_discount, MAX(s.s_suppkey) AS max_s_s_suppkey, MIN(l.l_quantity) AS min_l_l_quantity, l.l_returnflag AS l_l_returnflag, s.s_nationkey AS s_s_nationkey, SUM(s.s_nationkey) AS sum_s_s_nationkey, MIN(l.l_discount) AS min_l_l_discount, MIN(l.l_linenumber) AS min_l_l_linenumber, MAX(l.l_shipmode) AS max_l_l_shipmode FROM lineitem l, supplier s WHERE EXISTS (SELECT COUNT(DISTINCT o_orderkey) FROM orders WHERE o_orderstatus = 'P' UNION ALL SELECT COUNT(DISTINCT l_orderkey) FROM lineitem WHERE l_shipmode = 'MAIL' UNION ALL SELECT 0 FROM customer WHERE c_nationkey = 1) AND EXISTS (SELECT o_orderpriority FROM (SELECT o_orderpriority, o_shippriority FROM orders ) AS subq_2 UNION SELECT p_mfgr FROM part) AND l.l_discount = (SELECT COUNT(DISTINCT ps_partkey) FROM partsupp WHERE ps_supplycost > 50 AND (ps_availqty = 100 OR ps_availqty = 200) AND ps_comment LIKE 'Special%') AND s.s_name IN (SELECT DISTINCT s_name FROM supplier UNION SELECT DISTINCT r_name FROM region WHERE r_regionkey = 2 UNION SELECT DISTINCT p_type FROM part WHERE p_size < 5) AND EXISTS (SELECT c_comment FROM customer WHERE c_custkey IN (SELECT o_custkey FROM orders WHERE o_orderdate > '1996-01-01' UNION SELECT o_custkey FROM orders WHERE o_orderpriority = '4-NOT SPECIFIED')) AND l.l_receiptdate >= '1996-07-19' AND l.l_shipinstruct LIKE 'DELIVER IN PERSON%' AND l.l_partkey > 107441 AND s.s_name LIKE 'Supplier#000007387%' AND l.l_suppkey > 5504  GROUP BY l.l_discount, s.s_nationkey, l.l_returnflag LIMIT 50;"
18,tpch,"SELECT COUNT(p.p_comment) AS count_p_p_comment, MAX(p.p_mfgr) AS max_p_p_mfgr, p.p_partkey AS p_p_partkey, COUNT(p.p_retailprice) AS count_p_p_retailprice, p.p_comment AS p_p_comment, SUM(p.p_retailprice) AS sum_p_p_retailprice, p.p_mfgr AS p_p_mfgr, p.p_container AS p_p_container, MAX(p.p_type) AS max_p_p_type, MAX(p.p_retailprice) AS max_p_p_retailprice FROM part p WHERE EXISTS (SELECT l_returnflag FROM (SELECT l_returnflag, l_tax FROM lineitem ) AS subq_1 UNION SELECT c_mktsegment FROM customer) AND EXISTS (SELECT o_clerk FROM (SELECT o_clerk FROM orders WHERE o_orderkey IN (SELECT l_orderkey FROM lineitem WHERE l_receiptdate > '1997-01-01' UNION SELECT l_orderkey FROM lineitem WHERE l_extendedprice > 500) UNION ALL SELECT o_clerk FROM orders WHERE o_orderkey IN (SELECT l_orderkey FROM lineitem WHERE l_shipinstruct = 'DELIVER IN PERSON' UNION ALL SELECT l_orderkey FROM lineitem WHERE l_shipmode = 'RAIL')) t GROUP BY o_clerk) AND EXISTS (SELECT s_3.s_phone FROM supplier s_3 WHERE s_3.s_suppkey IN (SELECT ps_3.ps_suppkey FROM partsupp ps_3 WHERE ps_3.ps_supplycost > 150 UNION ALL SELECT ps2_3.ps_suppkey FROM partsupp ps2_3 WHERE ps2_3.ps_availqty > 200 GROUP BY ps2_3.ps_suppkey) AND s_3.s_acctbal < 4000) AND p.p_brand IN (SELECT DISTINCT p_brand FROM part UNION SELECT s_phone FROM supplier UNION SELECT s_phone FROM (SELECT DISTINCT s_phone FROM supplier AS s1_4 WHERE s_nationkey = 3) AS subq_4) AND EXISTS (SELECT COUNT(o_orderkey) FROM (SELECT o_orderkey, o_clerk FROM orders WHERE o_orderdate BETWEEN DATE '1997-01-01' AND DATE '1997-06-30' ) t GROUP BY o_clerk ORDER BY o_clerk) AND p.p_partkey = 11742 AND p.p_brand LIKE 'Brand#41%' AND p.p_name LIKE 'red bisque aquamarine misty beige%' AND p.p_mfgr LIKE 'Manufacturer#4%' AND p.p_container LIKE 'LG CAN%'  GROUP BY p.p_container, p.p_comment, p.p_mfgr, p.p_partkey LIMIT 30;"
19,tpch,"SELECT MAX(c.c_phone) AS max_c_c_phone, MIN(c.c_mktsegment) AS min_c_c_mktsegment, c.c_acctbal AS c_c_acctbal, COUNT(c.c_name) AS count_c_c_name, SUM(c.c_nationkey) AS sum_c_c_nationkey, c.c_address AS c_c_address, SUM(c.c_acctbal) AS sum_c_c_acctbal, MIN(c.c_custkey) AS min_c_c_custkey, AVG(c.c_custkey) AS avg_c_c_custkey, MIN(c.c_address) AS min_c_c_address FROM customer c WHERE EXISTS (SELECT o_clerk FROM (SELECT o_clerk, o_shippriority FROM orders WHERE o_shippriority = 6 ) AS subq_1 WHERE o_shippriority > 5 ORDER BY o_shippriority) AND EXISTS (SELECT SUM(l_extendedprice * (1 - l_discount)) AS revenue_2 FROM lineitem, orders, customer, nation, region WHERE c_custkey = o_custkey AND l_orderkey = o_orderkey AND c_nationkey = n_nationkey AND n_regionkey = r_regionkey AND r_name = 'ASIA' AND o_orderdate >= DATE '1994-01-01' AND o_orderdate < DATE '1995-01-01' GROUP BY n_name, 1+0 ORDER BY n_name, 1+0) AND EXISTS (SELECT SUM(l_extendedprice) FROM (SELECT l_extendedprice, l_returnflag FROM lineitem WHERE l_shipdate >= DATE '1994-01-01' ) t GROUP BY l_returnflag ORDER BY l_returnflag) AND EXISTS (SELECT COUNT(*) FROM (SELECT r_regionkey FROM region UNION SELECT n_regionkey FROM (SELECT n_regionkey, COUNT(*) FROM nation GROUP BY n_regionkey HAVING COUNT(*) > 4) AS subq_4) AS t_4) AND c.c_name IN (SELECT c_name FROM customer WHERE c_custkey IN (SELECT o_custkey FROM orders JOIN lineitem ON o_orderkey = l_orderkey WHERE l_quantity > 10 UNION SELECT o_custkey FROM orders JOIN lineitem ON o_orderkey = l_orderkey WHERE l_quantity > 20 UNION SELECT o_custkey FROM orders JOIN lineitem ON o_orderkey = l_orderkey WHERE l_quantity > 30)) AND c.c_custkey > 23749 AND c.c_mktsegment LIKE 'HOUSEHOLD%' AND c.c_name LIKE 'Customer#000004274%' AND c.c_nationkey > 8 AND c.c_acctbal >= 1293.9690291066197  GROUP BY c.c_acctbal, c.c_address LIMIT 10;"
20,tpch,"SELECT COUNT(c.c_nationkey) AS count_c_c_nationkey, COUNT(r.r_regionkey) AS count_r_r_regionkey, AVG(c.c_nationkey) AS avg_c_c_nationkey, COUNT(c.c_name) AS count_c_c_name, MIN(r.r_name) AS min_r_r_name, c.c_mktsegment AS c_c_mktsegment, MAX(c.c_name) AS max_c_c_name, COUNT(r.r_comment) AS count_r_r_comment, r.r_regionkey AS r_r_regionkey, SUM(c.c_nationkey) AS sum_c_c_nationkey FROM customer c, region r WHERE EXISTS (SELECT s_1.s_name FROM supplier s_1 WHERE s_1.s_suppkey IN (SELECT ps_1.ps_suppkey FROM partsupp ps_1 WHERE ps_1.ps_supplycost > 200 UNION ALL SELECT ps2_1.ps_suppkey FROM partsupp ps2_1 WHERE ps2_1.ps_availqty < 30 GROUP BY ps2_1.ps_suppkey) AND s_1.s_acctbal < 1000) AND r.r_regionkey = (SELECT COUNT(DISTINCT n_nationkey) FROM nation JOIN (SELECT s_nationkey FROM supplier WHERE s_acctbal < 2000 UNION ALL SELECT s_nationkey FROM supplier WHERE s_comment LIKE '%reliable%') AS subq_2 ON nation.n_nationkey = subq_2.s_nationkey) AND c.c_name IN (SELECT DISTINCT c_name FROM (SELECT c_name FROM customer UNION ALL SELECT n_name FROM nation) AS u_3 JOIN orders ON u_3.c_name = o_orderstatus) AND EXISTS (SELECT COUNT(*) FROM (SELECT s_suppkey FROM supplier UNION SELECT ps_suppkey FROM (SELECT ps_suppkey, COUNT(*) FROM partsupp GROUP BY ps_suppkey HAVING COUNT(*) > 5) AS subq_4) AS t_4) AND c.c_nationkey = (SELECT COUNT(DISTINCT p_partkey) FROM (SELECT p_partkey, p_name FROM part WHERE p_size > 20 ) t) AND r.r_name LIKE 'EUROPE%' AND r.r_regionkey = 1 AND c.c_name LIKE 'Customer#000000303%' AND c.c_custkey > 54425 AND c.c_nationkey > 16  GROUP BY r.r_regionkey, c.c_mktsegment LIMIT 100;"
21,tpch,"SELECT COUNT(l.l_linestatus) AS count_l_l_linestatus, AVG(l.l_tax) AS avg_l_l_tax, AVG(ps.ps_supplycost) AS avg_ps_ps_supplycost, MIN(l.l_shipDATE) AS min_l_l_shipDATE, COUNT(o.o_orderDATE) AS count_o_o_orderDATE, MIN(l.l_suppkey) AS min_l_l_suppkey, MIN(l.l_orderkey) AS min_l_l_orderkey, COUNT(o.o_custkey) AS count_o_o_custkey, AVG(ps.ps_suppkey) AS avg_ps_ps_suppkey, SUM(p.p_size) AS sum_p_p_size FROM lineitem l, orders o, part p, partsupp ps WHERE ps.ps_suppkey = (SELECT (10 * 5) + COUNT(DISTINCT l_orderkey) FROM lineitem WHERE l_partkey IN (SELECT p_partkey FROM part WHERE p_size > 20)) AND p.p_size IN (SELECT DISTINCT p_size FROM part UNION SELECT DISTINCT c_acctbal FROM customer WHERE c_mktsegment = 'AUTOMOBILE' UNION SELECT DISTINCT l_quantity FROM lineitem WHERE l_extendedprice < 100) AND ps.ps_suppkey > (SELECT COUNT(DISTINCT r_regionkey) FROM (SELECT r_regionkey, r_name FROM region WHERE r_regionkey < 3 ) t) AND o.o_totalprice = (SELECT COUNT(DISTINCT p_partkey) FROM part WHERE p_retailprice < 150 AND (p_size = 15 OR p_size = 25) AND p_type LIKE 'ECONOMY%') AND l.l_extendedprice > (SELECT COUNT(*) FROM (SELECT l_shipinstruct FROM lineitem UNION ALL SELECT p_container FROM part ) t) AND ps.ps_partkey = p.p_partkey AND ps.ps_partkey = l.l_partkey AND ps.ps_suppkey = l.l_suppkey AND o.o_orderkey = l.l_orderkey AND l.l_returnflag LIKE 'R%' AND o.o_orderpriority LIKE '3-MEDIUM%' AND ps.ps_availqty > 2914 AND l.l_discount = 0.08421997678450427 AND l.l_shipmode LIKE 'TRUCK%'  LIMIT 30;"
22,tpch,"SELECT COUNT(o.o_custkey) AS count_o_o_custkey, MAX(o.o_shippriority) AS max_o_o_shippriority, SUM(c.c_acctbal) AS sum_c_c_acctbal, SUM(r.r_regionkey) AS sum_r_r_regionkey, c.c_custkey AS c_c_custkey, COUNT(c.c_address) AS count_c_c_address, AVG(c.c_acctbal) AS avg_c_c_acctbal, o.o_totalprice AS o_o_totalprice, COUNT(o.o_shippriority) AS count_o_o_shippriority, MAX(o.o_clerk) AS max_o_o_clerk FROM customer c, orders o, region r WHERE EXISTS (SELECT DISTINCT p_name FROM part UNION SELECT s_comment FROM supplier UNION SELECT s_comment FROM (SELECT DISTINCT s_comment FROM supplier AS s1_1 WHERE s_acctbal > 3000) AS subq_1) AND EXISTS (SELECT AVG(l_quantity) FROM (SELECT l_quantity, l_linestatus FROM lineitem JOIN part ON l_partkey = p_partkey ) AS t_2 GROUP BY l_linestatus ORDER BY l_linestatus) AND r.r_regionkey = (SELECT COUNT(*) FROM (SELECT p_name FROM part UNION ALL SELECT r_comment FROM region ) t) AND c.c_address IN (SELECT c_address FROM (SELECT c_address, c_nationkey FROM customer ) AS subq_4 UNION SELECT s_address FROM supplier) AND o.o_custkey > (SELECT COUNT(*) FROM (SELECT c_acctbal FROM customer UNION ALL SELECT s_acctbal FROM supplier ) t) AND o.o_custkey = c.c_custkey AND o.o_orderkey <= 3551868 AND c.c_custkey > 6530 AND o.o_orderdate > '1996-02-16' AND o.o_orderpriority LIKE '4-NOT SPECIFIED%' AND c.c_nationkey <= 12  GROUP BY c.c_custkey, o.o_totalprice LIMIT 100;"
23,tpch,"SELECT s.s_name AS s_s_name, MAX(s.s_suppkey) AS max_s_s_suppkey, COUNT(o.o_totalprice) AS count_o_o_totalprice, MIN(o.o_custkey) AS min_o_o_custkey, MAX(ps.ps_comment) AS max_ps_ps_comment, MIN(ps.ps_suppkey) AS min_ps_ps_suppkey, o.o_custkey AS o_o_custkey, SUM(ps.ps_suppkey) AS sum_ps_ps_suppkey, AVG(s.s_suppkey) AS avg_s_s_suppkey, MAX(o.o_clerk) AS max_o_o_clerk FROM orders o, partsupp ps, supplier s WHERE ps.ps_availqty IN (SELECT DISTINCT ps_availqty FROM partsupp UNION SELECT l_quantity FROM lineitem UNION SELECT l_quantity FROM (SELECT DISTINCT l_quantity FROM lineitem AS l1_1 WHERE l_shipdate < '1995-01-01') AS subq_1) AND EXISTS (SELECT AVG(l_quantity) FROM (SELECT l_quantity, l_linestatus FROM lineitem WHERE l_shipdate > '1995-03-01' UNION ALL SELECT l_quantity, l_linestatus FROM lineitem WHERE l_shipdate <= '1995-03-01' GROUP BY l_quantity, l_linestatus) t JOIN (SELECT o_orderkey, o_totalprice FROM orders) o ON t.l_quantity = o.o_orderkey GROUP BY o.o_totalprice) AND o.o_totalprice IN (SELECT DISTINCT o_totalprice FROM orders UNION SELECT DISTINCT s_acctbal FROM supplier WHERE s_nationkey = 4 UNION SELECT DISTINCT l_extendedprice FROM lineitem WHERE l_discount > 0.15) AND EXISTS (SELECT DISTINCT c_name FROM (SELECT c_name FROM customer UNION ALL SELECT n_name FROM nation) AS u_4 JOIN orders ON u_4.c_name = o_orderstatus) AND s.s_nationkey > (SELECT COUNT(DISTINCT s_suppkey) FROM supplier JOIN (SELECT ps_suppkey FROM partsupp WHERE ps_availqty > 60 UNION ALL SELECT ps_suppkey FROM partsupp WHERE ps_supplycost < 8) AS subq_5 ON supplier.s_suppkey = subq_5.ps_suppkey) AND ps.ps_suppkey = s.s_suppkey AND o.o_custkey > 98215 AND ps.ps_availqty <= 3613 AND o.o_orderdate <= '1995-09-05' AND o.o_orderstatus LIKE 'F%' AND s.s_acctbal > 2090.2926688778425  GROUP BY s.s_name, o.o_custkey LIMIT 50;"
24,tpch,"SELECT l.l_orderkey AS l_l_orderkey, MIN(c.c_acctbal) AS min_c_c_acctbal, COUNT(c.c_comment) AS count_c_c_comment, l.l_commitDATE AS l_l_commitDATE, l.l_discount AS l_l_discount, l.l_shipDATE AS l_l_shipDATE, MIN(c.c_mktsegment) AS min_c_c_mktsegment, l.l_receiptDATE AS l_l_receiptDATE, AVG(c.c_custkey) AS avg_c_c_custkey, MIN(l.l_comment) AS min_l_l_comment FROM customer c, lineitem l, partsupp ps WHERE l.l_tax = (SELECT COUNT(DISTINCT p_size) FROM part JOIN (SELECT ps_partkey FROM partsupp UNION ALL SELECT ps_partkey FROM partsupp WHERE ps_supplycost < 10) AS partsupp_union_1 ON part.p_partkey = partsupp_union_1.ps_partkey) AND ps.ps_partkey > (SELECT COUNT(DISTINCT p_partkey) FROM part JOIN (SELECT ps_partkey FROM partsupp WHERE ps_availqty < 50 UNION ALL SELECT ps_partkey FROM partsupp WHERE ps_supplycost > 30) AS subq_2 ON part.p_partkey = subq_2.ps_partkey) AND c.c_nationkey = (SELECT COUNT(DISTINCT ps_partkey) FROM partsupp WHERE ps_suppkey IN (SELECT s_suppkey FROM supplier WHERE s_acctbal > 5000 UNION SELECT s_suppkey FROM supplier WHERE s_nationkey = 1)) AND ps.ps_supplycost > (SELECT COUNT(DISTINCT c_custkey) FROM customer WHERE c_acctbal > 2000 AND (c_nationkey = 10 OR c_nationkey = 15) AND 3+4=7 AND c_nationkey IN (SELECT n_nationkey FROM nation WHERE n_regionkey = 3 AND 5*6=30)) AND EXISTS (SELECT COUNT(*) FROM (SELECT c_mktsegment FROM customer UNION SELECT p_type FROM (SELECT p_type, COUNT(*) FROM part GROUP BY p_type HAVING COUNT(*) > 4) AS subq_5) AS t_5) AND ps.ps_partkey = l.l_partkey AND ps.ps_suppkey = l.l_suppkey AND l.l_discount <= 0.06937715650315583 AND c.c_nationkey > 3 AND l.l_shipinstruct LIKE 'TAKE BACK RETURN%' AND l.l_extendedprice < 99370.18705023716 AND l.l_shipdate > '1998-07-01'  GROUP BY l.l_discount, l.l_shipDATE, l.l_receiptDATE, l.l_orderkey, l.l_commitDATE LIMIT 100;"
25,tpch,"SELECT COUNT(c.c_address) AS count_c_c_address, SUM(c.c_custkey) AS sum_c_c_custkey, COUNT(c.c_phone) AS count_c_c_phone, COUNT(l.l_shipinstruct) AS count_l_l_shipinstruct, MAX(l.l_discount) AS max_l_l_discount, MAX(l.l_shipinstruct) AS max_l_l_shipinstruct, c.c_phone AS c_c_phone, MIN(c.c_phone) AS min_c_c_phone, AVG(c.c_acctbal) AS avg_c_c_acctbal, MIN(l.l_discount) AS min_l_l_discount FROM customer c, lineitem l WHERE l.l_extendedprice > (SELECT COUNT(DISTINCT l_suppkey) FROM (SELECT l_suppkey FROM lineitem WHERE l_discount > 0.05 UNION ALL SELECT ps_suppkey FROM partsupp WHERE ps_supplycost > 60) t JOIN part ON p_partkey = t.l_suppkey) AND EXISTS (SELECT DISTINCT c_custkey FROM customer UNION SELECT o_custkey FROM orders WHERE o_totalprice > 1000) AND EXISTS (SELECT c_3.c_phone FROM customer c_3 WHERE c_3.c_custkey IN (SELECT o_3.o_custkey FROM orders o_3 WHERE o_3.o_totalprice > 2000 UNION ALL SELECT o2_3.o_custkey FROM orders o2_3 WHERE o2_3.o_orderdate < DATE '1994-06-01' GROUP BY o2_3.o_custkey) AND c_3.c_acctbal > 500) AND EXISTS (SELECT c_name FROM customer WHERE c_custkey IN (SELECT o_custkey FROM orders JOIN lineitem ON o_orderkey = l_orderkey WHERE l_discount > 0.05 UNION SELECT o_custkey FROM orders JOIN lineitem ON o_orderkey = l_orderkey WHERE l_discount < 0.10 UNION SELECT o_custkey FROM orders JOIN lineitem ON o_orderkey = l_orderkey WHERE l_discount > 0.15)) AND c.c_comment IN (SELECT c_comment FROM (SELECT c_comment, c_custkey FROM customer ) AS subq_5 UNION SELECT l_shipmode FROM lineitem) AND l.l_extendedprice < 14070.300286733798 AND l.l_suppkey >= 890 AND l.l_shipdate > '1993-12-17' AND l.l_shipinstruct LIKE 'DELIVER IN PERSON%' AND c.c_acctbal < 9080.373531669358  GROUP BY c.c_phone LIMIT 50;"
26,tpch,"SELECT AVG(l.l_tax) AS avg_l_l_tax, AVG(l.l_linenumber) AS avg_l_l_linenumber, l.l_suppkey AS l_l_suppkey, AVG(l.l_discount) AS avg_l_l_discount, SUM(l.l_discount) AS sum_l_l_discount, l.l_shipinstruct AS l_l_shipinstruct, l.l_commitDATE AS l_l_commitDATE, COUNT(l.l_linestatus) AS count_l_l_linestatus, MIN(l.l_shipDATE) AS min_l_l_shipDATE, SUM(l.l_extendedprice) AS sum_l_l_extendedprice FROM lineitem l WHERE EXISTS (SELECT p_1.p_name FROM part p_1 WHERE p_1.p_partkey IN (SELECT ps_1.ps_partkey FROM partsupp ps_1 WHERE ps_1.ps_supplycost < 60 UNION ALL SELECT ps2_1.ps_partkey FROM partsupp ps2_1 WHERE ps2_1.ps_availqty > 200 GROUP BY ps2_1.ps_partkey) AND p_1.p_retailprice > 150) AND EXISTS (SELECT DISTINCT c_mktsegment FROM customer UNION SELECT DISTINCT r_name FROM region WHERE r_regionkey = 1 UNION SELECT DISTINCT p_brand FROM part WHERE p_size > 12) AND l.l_partkey > (SELECT COUNT(*) FROM (SELECT o_clerk FROM orders UNION ALL SELECT p_mfgr FROM part ) t) AND EXISTS (SELECT MAX(p_size) FROM (SELECT p_size, p_type FROM part JOIN lineitem ON p_partkey = l_partkey WHERE p_retailprice > 100 ) AS t_4 GROUP BY p_type ORDER BY p_type) AND EXISTS (SELECT c_comment FROM customer WHERE c_custkey IN (SELECT o_custkey FROM orders WHERE o_orderdate > '1998-01-01' ) UNION SELECT c_comment FROM customer WHERE c_custkey IN (SELECT o_custkey FROM orders WHERE o_orderdate < '1998-01-01' ) ORDER BY c_comment) AND l.l_linenumber = 1 AND l.l_tax >= 0.046391690117070866 AND l.l_commitdate > '1996-02-08' AND l.l_extendedprice > 45161.85221341224 AND l.l_returnflag LIKE 'R%'  GROUP BY l.l_shipinstruct, l.l_commitDATE, l.l_suppkey LIMIT 50;"
27,tpch,"SELECT MAX(p.p_container) AS max_p_p_container, c.c_custkey AS c_c_custkey, MAX(l.l_orderkey) AS max_l_l_orderkey, MAX(p.p_retailprice) AS max_p_p_retailprice, MIN(c.c_custkey) AS min_c_c_custkey, COUNT(c.c_acctbal) AS count_c_c_acctbal, AVG(l.l_orderkey) AS avg_l_l_orderkey, AVG(p.p_size) AS avg_p_p_size, AVG(c.c_acctbal) AS avg_c_c_acctbal, SUM(c.c_acctbal) AS sum_c_c_acctbal FROM customer c, lineitem l, part p WHERE EXISTS (SELECT DISTINCT c_mktsegment FROM customer UNION SELECT DISTINCT r_name FROM region WHERE r_regionkey = 1 UNION SELECT DISTINCT p_brand FROM part WHERE p_size > 12) AND EXISTS (SELECT SUM(o_totalprice) FROM (SELECT o_totalprice, o_orderstatus FROM orders WHERE o_orderdate >= DATE '1995-01-01' ) t GROUP BY o_orderstatus ORDER BY o_orderstatus) AND l.l_linenumber = (SELECT COUNT(DISTINCT p_partkey) FROM part JOIN (SELECT ps_partkey FROM partsupp WHERE ps_availqty > 75 UNION ALL SELECT ps_partkey FROM partsupp WHERE ps_supplycost < 15) AS subq_3 ON part.p_partkey = subq_3.ps_partkey) AND p.p_type IN (SELECT p_type FROM (SELECT p_type, p_size FROM part ) AS subq_4 UNION SELECT s_name FROM supplier) AND c.c_phone IN (SELECT DISTINCT c_phone FROM customer UNION SELECT DISTINCT s_phone FROM supplier WHERE s_acctbal > 5000 UNION SELECT DISTINCT l_returnflag FROM lineitem WHERE l_discount < 0.05) AND c.c_mktsegment LIKE 'AUTOMOBILE%' AND l.l_partkey <= 181077 AND l.l_shipmode LIKE 'TRUCK%' AND p.p_name LIKE 'ghost lime ivory red azure%' AND p.p_retailprice = 1635.0233906082615  GROUP BY c.c_custkey LIMIT 50;"
28,tpch,"SELECT r.r_regionkey AS r_r_regionkey, s.s_phone AS s_s_phone, AVG(s.s_suppkey) AS avg_s_s_suppkey, MIN(s.s_address) AS min_s_s_address, MAX(s.s_address) AS max_s_s_address, COUNT(s.s_address) AS count_s_s_address, MIN(c.c_address) AS min_c_c_address, r.r_comment AS r_r_comment, MIN(c.c_mktsegment) AS min_c_c_mktsegment, MAX(r.r_regionkey) AS max_r_r_regionkey FROM customer c, region r, supplier s WHERE r.r_regionkey > (SELECT COUNT(*) FROM (SELECT c_comment FROM customer UNION ALL SELECT l_comment FROM lineitem ) t) AND EXISTS (SELECT p_name FROM part WHERE p_partkey IN (SELECT l_partkey FROM lineitem WHERE l_shipdate > '1997-06-30' UNION SELECT p_partkey FROM part WHERE p_retailprice > 250) AND p_size IN (SELECT p_size FROM part JOIN partsupp ON p_partkey = ps_partkey WHERE ps_availqty > 150)) AND c.c_name IN (SELECT DISTINCT c_name FROM customer UNION SELECT DISTINCT n_name FROM nation WHERE n_regionkey = 1 UNION SELECT DISTINCT p_name FROM part WHERE p_size > 10) AND s.s_phone IN (SELECT s_phone FROM supplier WHERE s_suppkey IN (SELECT ps_suppkey FROM partsupp WHERE ps_supplycost > 250 ) UNION SELECT s_phone FROM supplier WHERE s_suppkey IN (SELECT ps_suppkey FROM partsupp WHERE ps_supplycost < 250 ) ORDER BY s_phone) AND EXISTS (SELECT c_name FROM customer WHERE c_custkey IN (SELECT o_custkey FROM orders WHERE o_orderdate > '1995-01-01' ) UNION SELECT c_name FROM customer WHERE c_custkey IN (SELECT o_custkey FROM orders WHERE o_orderdate < '1995-01-01' ) ORDER BY c_name) AND r.r_name LIKE 'EUROPE%' AND c.c_name LIKE 'Customer#000024228%' AND s.s_acctbal >= 5427.068816846635 AND c.c_acctbal > -844.0770071323435 AND c.c_nationkey >= 21  GROUP BY s.s_phone, r.r_regionkey, r.r_comment LIMIT 30;"
29,tpch,"SELECT s.s_comment AS s_s_comment, MAX(p.p_brand) AS max_p_p_brand, AVG(l.l_quantity) AS avg_l_l_quantity, l.l_commitDATE AS l_l_commitDATE, COUNT(p.p_container) AS count_p_p_container, MIN(p.p_type) AS min_p_p_type, l.l_suppkey AS l_l_suppkey, SUM(l.l_extendedprice) AS sum_l_l_extendedprice, l.l_linenumber AS l_l_linenumber, COUNT(l.l_commitDATE) AS count_l_l_commitDATE FROM lineitem l, part p, supplier s WHERE p.p_type IN (SELECT p_type FROM (SELECT p_type, p_size FROM part ) AS subq_1 UNION SELECT s_name FROM supplier) AND s.s_address IN (SELECT s_address FROM supplier WHERE s_suppkey IN (SELECT ps_suppkey FROM partsupp WHERE ps_supplycost > 200 ) UNION SELECT s_address FROM supplier WHERE s_suppkey IN (SELECT ps_suppkey FROM partsupp WHERE ps_supplycost < 200 ) ORDER BY s_address) AND p.p_retailprice > (SELECT COUNT(DISTINCT p_partkey) FROM (SELECT p_partkey, p_type FROM part WHERE p_size < 15 AND p_retailprice > 100 ) t) AND EXISTS (SELECT SUM(l_extendedprice) FROM (SELECT l_extendedprice, l_returnflag FROM lineitem JOIN orders ON l_orderkey = o_orderkey ) AS t_4 GROUP BY l_returnflag ORDER BY l_returnflag) AND l.l_discount = (SELECT COUNT(DISTINCT n_nationkey) FROM nation JOIN (SELECT c_nationkey FROM customer WHERE c_acctbal > 5000 UNION ALL SELECT c_nationkey FROM customer WHERE c_mktsegment = 'AUTOMOBILE') AS subq_5 ON nation.n_nationkey = subq_5.c_nationkey) AND l.l_suppkey < 7171 AND p.p_type LIKE 'MEDIUM POLISHED TIN%' AND s.s_name LIKE 'Supplier#000006668%' AND s.s_suppkey >= 2651 AND p.p_mfgr LIKE 'Manufacturer#3%'  GROUP BY s.s_comment, l.l_linenumber, l.l_commitDATE, l.l_suppkey LIMIT 30;"
30,tpch,"SELECT MAX(s.s_address) AS max_s_s_address, MAX(s.s_suppkey) AS max_s_s_suppkey, COUNT(s.s_nationkey) AS count_s_s_nationkey, MAX(s.s_acctbal) AS max_s_s_acctbal, s.s_acctbal AS s_s_acctbal, s.s_comment AS s_s_comment, COUNT(s.s_comment) AS count_s_s_comment, MIN(s.s_nationkey) AS min_s_s_nationkey, MAX(s.s_name) AS max_s_s_name, MAX(s.s_phone) AS max_s_s_phone FROM supplier s WHERE EXISTS (SELECT MIN(p_retailprice) FROM (SELECT p_retailprice, p_brand FROM part WHERE p_size > 15 UNION ALL SELECT p_retailprice, p_brand FROM part WHERE p_size <= 15 GROUP BY p_retailprice, p_brand) p JOIN (SELECT s_suppkey, s_name FROM supplier) s ON p.p_retailprice = s.s_suppkey GROUP BY s.s_name) AND s.s_address IN (SELECT DISTINCT s_address FROM supplier UNION SELECT c_address FROM customer UNION SELECT c_address FROM (SELECT DISTINCT c_address FROM customer AS c1_2 WHERE c_nationkey = 5) AS subq_2) AND EXISTS (SELECT DISTINCT r_name FROM region UNION SELECT p_type FROM part UNION SELECT p_type FROM (SELECT DISTINCT p_type FROM part AS p1_3 WHERE p_retailprice < 50) AS subq_3) AND EXISTS (SELECT COUNT(*) FROM (SELECT l_orderkey FROM lineitem UNION SELECT o_orderkey FROM (SELECT o_orderkey, COUNT(*) FROM orders GROUP BY o_orderkey HAVING COUNT(*) > 2) AS subq_4) AS t_4) AND EXISTS (SELECT p_name FROM (SELECT p_name FROM part WHERE p_partkey IN (SELECT l_partkey FROM lineitem WHERE l_shipdate < '1998-12-31' UNION SELECT l_partkey FROM lineitem WHERE l_quantity > 50) UNION ALL SELECT p_name FROM part WHERE p_partkey IN (SELECT l_partkey FROM lineitem WHERE l_returnflag = 'N' UNION ALL SELECT l_partkey FROM lineitem WHERE l_linestatus = 'O')) t GROUP BY p_name) AND s.s_suppkey > 8191 AND s.s_suppkey < 9147 AND s.s_name LIKE 'Supplier#000009518%' AND s.s_nationkey > 1 AND s.s_nationkey < 6  GROUP BY s.s_comment, s.s_acctbal LIMIT 50;"
31,tpch,"SELECT MIN(s.s_acctbal) AS min_s_s_acctbal, AVG(r.r_regionkey) AS avg_r_r_regionkey, MAX(s.s_nationkey) AS max_s_s_nationkey, COUNT(s.s_address) AS count_s_s_address, s.s_suppkey AS s_s_suppkey, SUM(s.s_acctbal) AS sum_s_s_acctbal, COUNT(s.s_name) AS count_s_s_name, MIN(s.s_comment) AS min_s_s_comment, COUNT(s.s_phone) AS count_s_s_phone, SUM(r.r_regionkey) AS sum_r_r_regionkey FROM region r, supplier s WHERE EXISTS (SELECT o_1.o_orderpriority FROM orders o_1 WHERE o_1.o_orderkey IN (SELECT l_1.l_orderkey FROM lineitem l_1 WHERE l_1.l_shipmode = 'AIR' UNION ALL SELECT l2_1.l_orderkey FROM lineitem l2_1 WHERE l2_1.l_returnflag = 'N' GROUP BY l2_1.l_orderkey) AND o_1.o_totalprice > 2000) AND EXISTS (SELECT AVG(p_retailprice) FROM (SELECT p_retailprice, p_type FROM part WHERE p_size < 20 UNION ALL SELECT p_retailprice, p_type FROM part WHERE p_size >= 20 GROUP BY p_retailprice, p_type) p JOIN (SELECT ps_partkey, ps_supplycost FROM partsupp) ps ON p.p_retailprice = ps.ps_partkey GROUP BY ps.ps_supplycost) AND r.r_name IN (SELECT r_name FROM region WHERE r_regionkey IN (SELECT n_regionkey FROM nation WHERE n_name LIKE 'A%' ) UNION SELECT r_name FROM region WHERE r_regionkey IN (SELECT n_regionkey FROM nation WHERE n_name NOT LIKE 'A%' ) ORDER BY r_name) AND EXISTS (SELECT p_size FROM part WHERE p_partkey IN (SELECT l_partkey FROM lineitem WHERE l_tax > 0.03 ) UNION SELECT p_size FROM part WHERE p_partkey IN (SELECT l_partkey FROM lineitem WHERE l_tax < 0.03 ) ORDER BY p_size) AND s.s_acctbal IN (SELECT DISTINCT s_acctbal FROM (SELECT s_acctbal FROM supplier UNION ALL SELECT c_acctbal FROM customer) AS u_5 JOIN orders ON u_5.s_acctbal = o_shippriority) AND s.s_nationkey <= 22 AND s.s_name LIKE 'Supplier#000008028%' AND s.s_acctbal <= 8207.692497149977 AND r.r_name LIKE 'AMERICA%' AND r.r_regionkey <= 2  GROUP BY s.s_suppkey LIMIT 50;"
32,tpch,"SELECT p.p_size AS p_p_size, SUM(p.p_size) AS sum_p_p_size, COUNT(s.s_suppkey) AS count_s_s_suppkey, COUNT(p.p_name) AS count_p_p_name, COUNT(s.s_nationkey) AS count_s_s_nationkey, MIN(p.p_type) AS min_p_p_type, s.s_suppkey AS s_s_suppkey, MIN(p.p_container) AS min_p_p_container, MIN(s.s_phone) AS min_s_s_phone, COUNT(s.s_phone) AS count_s_s_phone FROM part p, supplier s WHERE EXISTS (SELECT MIN(c_acctbal) FROM (SELECT c_acctbal, c_mktsegment FROM customer JOIN orders ON c_custkey = o_custkey WHERE c_acctbal < 2000 ) AS t_1 GROUP BY c_mktsegment ORDER BY c_mktsegment) AND s.s_acctbal = (SELECT COUNT(DISTINCT c_custkey) FROM customer WHERE c_acctbal > 2500 AND (c_nationkey = 12 OR c_nationkey = 18) AND 4+5=9 AND c_nationkey IN (SELECT n_nationkey FROM nation WHERE n_regionkey = 5 AND 6*8=48)) AND EXISTS (SELECT s_name FROM supplier WHERE s_suppkey IN (SELECT ps_suppkey FROM partsupp WHERE ps_supplycost > 100 ) UNION SELECT s_name FROM supplier WHERE s_suppkey IN (SELECT ps_suppkey FROM partsupp WHERE ps_supplycost < 100 ) ORDER BY s_name) AND p.p_name IN (SELECT DISTINCT p_name FROM part UNION SELECT DISTINCT c_address FROM customer WHERE c_acctbal > 2000 UNION SELECT DISTINCT l_shipmode FROM lineitem WHERE l_tax < 0.08) AND EXISTS (SELECT n_5.n_name FROM nation n_5 WHERE n_5.n_nationkey IN (SELECT c_5.c_nationkey FROM customer c_5 WHERE c_5.c_acctbal > 500 UNION ALL SELECT s_5.s_nationkey FROM supplier s_5 WHERE s_5.s_acctbal < 1000 GROUP BY s_5.s_nationkey) AND n_5.n_regionkey = 2) AND p.p_type LIKE 'MEDIUM POLISHED BRASS%' AND p.p_container LIKE 'WRAP PACK%' AND s.s_acctbal = -585.0804415853077 AND p.p_mfgr LIKE 'Manufacturer#3%' AND p.p_retailprice <= 1604.9522206785796  GROUP BY s.s_suppkey, p.p_size LIMIT 30;"
33,tpch,"SELECT MIN(n.n_comment) AS min_n_n_comment, AVG(n.n_nationkey) AS avg_n_n_nationkey, COUNT(n.n_regionkey) AS count_n_n_regionkey, MIN(n.n_regionkey) AS min_n_n_regionkey, SUM(n.n_regionkey) AS sum_n_n_regionkey, COUNT(n.n_name) AS count_n_n_name, MAX(n.n_name) AS max_n_n_name, n.n_regionkey AS n_n_regionkey, MAX(n.n_nationkey) AS max_n_n_nationkey, MAX(n.n_regionkey) AS max_n_n_regionkey FROM nation n WHERE n.n_regionkey > (SELECT (10 * 7) + COUNT(DISTINCT p_partkey) FROM part WHERE p_size IN (SELECT l_quantity FROM lineitem WHERE l_shipdate > '1995-01-01')) AND EXISTS (SELECT r_name FROM region WHERE r_regionkey IN (SELECT n_regionkey FROM nation WHERE n_name LIKE 'A%' ) UNION SELECT r_name FROM region WHERE r_regionkey IN (SELECT n_regionkey FROM nation WHERE n_name NOT LIKE 'A%' ) ORDER BY r_name) AND EXISTS (SELECT COUNT(*) FROM (SELECT r_regionkey FROM region UNION SELECT n_regionkey FROM (SELECT n_regionkey, COUNT(*) FROM nation GROUP BY n_regionkey HAVING COUNT(*) > 1) AS subq_3) AS t_3) AND EXISTS (SELECT DISTINCT c_name FROM customer UNION SELECT DISTINCT n_name FROM nation WHERE n_regionkey = 1 UNION SELECT DISTINCT p_name FROM part WHERE p_size > 10) AND EXISTS (SELECT p_5.p_type FROM part p_5 WHERE p_5.p_partkey IN (SELECT l_5.l_partkey FROM lineitem l_5 WHERE l_5.l_quantity > 30 UNION ALL SELECT l2_5.l_partkey FROM lineitem l2_5 WHERE l2_5.l_extendedprice < 500 GROUP BY l2_5.l_partkey) AND p_5.p_size > 10) AND n.n_nationkey > 3 AND n.n_nationkey < 13 AND n.n_name LIKE 'KENYA%' AND n.n_regionkey > 3 AND n.n_regionkey < 3  GROUP BY n.n_regionkey LIMIT 100;"
34,tpch,"SELECT l.l_linenumber AS l_l_linenumber, COUNT(c.c_name) AS count_c_c_name, AVG(l.l_tax) AS avg_l_l_tax, COUNT(l.l_partkey) AS count_l_l_partkey, SUM(l.l_orderkey) AS sum_l_l_orderkey, MIN(c.c_acctbal) AS min_c_c_acctbal, MIN(c.c_address) AS min_c_c_address, l.l_extendedprice AS l_l_extendedprice, MAX(l.l_comment) AS max_l_l_comment, SUM(l.l_discount) AS sum_l_l_discount FROM customer c, lineitem l WHERE c.c_phone IN (SELECT c_phone FROM customer WHERE c_custkey IN (SELECT o_custkey FROM orders WHERE o_totalprice > 15000 ) UNION SELECT c_phone FROM customer WHERE c_custkey IN (SELECT o_custkey FROM orders WHERE o_totalprice < 15000 ) ORDER BY c_phone) AND EXISTS (SELECT COUNT(*) FROM (SELECT o_orderkey FROM orders UNION SELECT l_orderkey FROM (SELECT l_orderkey, COUNT(*) FROM lineitem GROUP BY l_orderkey HAVING COUNT(*) > 5) AS subq_2) AS t_2) AND c.c_comment IN (SELECT DISTINCT c_comment FROM (SELECT c_comment FROM customer UNION ALL SELECT p_comment FROM part) AS u_3 JOIN orders ON u_3.c_comment = o_clerk) AND l.l_extendedprice > (SELECT COUNT(*) FROM (SELECT p_size FROM part UNION ALL SELECT l_quantity FROM lineitem ) t) AND EXISTS (SELECT AVG(p_retailprice) FROM (SELECT p_retailprice, p_container FROM part WHERE p_size BETWEEN 5 AND 20 ) t GROUP BY p_container ORDER BY p_container) AND c.c_nationkey >= 4 AND c.c_mktsegment LIKE 'HOUSEHOLD%' AND c.c_custkey >= 69473 AND l.l_orderkey < 2024961 AND l.l_shipinstruct LIKE 'COLLECT COD%'  GROUP BY l.l_extendedprice, l.l_linenumber LIMIT 100;"
35,tpch,"SELECT s.s_nationkey AS s_s_nationkey, s.s_acctbal AS s_s_acctbal, s.s_address AS s_s_address, MIN(s.s_phone) AS min_s_s_phone, SUM(s.s_suppkey) AS sum_s_s_suppkey, s.s_phone AS s_s_phone, AVG(s.s_nationkey) AS avg_s_s_nationkey, MAX(s.s_suppkey) AS max_s_s_suppkey, MIN(s.s_suppkey) AS min_s_s_suppkey, COUNT(s.s_acctbal) AS count_s_s_acctbal FROM supplier s WHERE EXISTS (SELECT r_1.r_name FROM region r_1 WHERE r_1.r_regionkey IN (SELECT n_1.n_regionkey FROM nation n_1 WHERE n_1.n_name = 'UNITED STATES' UNION ALL SELECT n2_1.n_regionkey FROM nation n2_1 WHERE n2_1.n_nationkey < 10 GROUP BY n2_1.n_regionkey) AND r_1.r_regionkey <> 3) AND EXISTS (SELECT o_clerk FROM orders WHERE o_custkey IN (SELECT c_custkey FROM customer WHERE c_acctbal > 2000 UNION SELECT o_custkey FROM orders WHERE o_orderdate < '1993-06-30') AND o_shippriority IN (SELECT o_shippriority FROM orders JOIN customer ON o_custkey = c_custkey WHERE c_mktsegment = 'HOUSEHOLD')) AND EXISTS (SELECT AVG(l_extendedprice) FROM (SELECT l_extendedprice, l_shipmode FROM lineitem JOIN supplier ON l_suppkey = s_suppkey WHERE l_tax > 0.02 ) AS t_3 GROUP BY l_shipmode ORDER BY l_shipmode) AND s.s_nationkey = (SELECT COUNT(DISTINCT c_custkey) FROM (SELECT c_custkey FROM customer WHERE c_acctbal < 3000 UNION ALL SELECT o_custkey FROM orders WHERE o_totalprice > 5000) t JOIN nation ON n_nationkey = t.c_custkey) AND EXISTS (SELECT MIN(p_retailprice) FROM (SELECT p_retailprice, p_brand FROM part WHERE p_size > 15 UNION ALL SELECT p_retailprice, p_brand FROM part WHERE p_size <= 15 GROUP BY p_retailprice, p_brand) p JOIN (SELECT s_suppkey, s_name FROM supplier) s ON p.p_retailprice = s.s_suppkey GROUP BY s.s_name) AND s.s_suppkey > 3158 AND s.s_suppkey < 7813 AND s.s_name LIKE 'Supplier#000005443%' AND s.s_nationkey > 19 AND s.s_nationkey < 21  GROUP BY s.s_address, s.s_phone, s.s_nationkey, s.s_acctbal LIMIT 50;"
36,tpch,"SELECT MAX(l.l_receiptDATE) AS max_l_l_receiptDATE, MIN(l.l_returnflag) AS min_l_l_returnflag, AVG(l.l_partkey) AS avg_l_l_partkey, MIN(c.c_mktsegment) AS min_c_c_mktsegment, MIN(c.c_nationkey) AS min_c_c_nationkey, c.c_custkey AS c_c_custkey, MIN(l.l_linenumber) AS min_l_l_linenumber, MIN(l.l_orderkey) AS min_l_l_orderkey, MAX(l.l_suppkey) AS max_l_l_suppkey, AVG(c.c_acctbal) AS avg_c_c_acctbal FROM customer c, lineitem l WHERE EXISTS (SELECT o_clerk FROM (SELECT o_clerk, o_shippriority FROM orders WHERE o_shippriority = 6 ) AS subq_1 WHERE o_shippriority > 5 ORDER BY o_shippriority) AND c.c_acctbal > (SELECT COUNT(*) FROM (SELECT c_custkey FROM customer WHERE c_nationkey IN (SELECT n_nationkey FROM nation WHERE n_regionkey = 2) UNION ALL SELECT o_custkey FROM orders WHERE o_totalprice > 1500) t) AND l.l_linenumber = (SELECT COUNT(*) FROM (SELECT s_suppkey FROM supplier WHERE s_nationkey IN (SELECT n_nationkey FROM nation WHERE n_regionkey = 4) UNION ALL SELECT ps_suppkey FROM partsupp WHERE ps_supplycost > 500) t) AND EXISTS (SELECT COUNT(DISTINCT o_orderkey) FROM orders WHERE o_orderpriority = '1-URGENT' UNION SELECT COUNT(DISTINCT ps_partkey) FROM partsupp WHERE ps_supplycost > 100) AND EXISTS (SELECT c_name FROM customer WHERE c_custkey IN (SELECT o_custkey FROM orders JOIN lineitem ON o_orderkey = l_orderkey WHERE l_quantity > 10 UNION SELECT o_custkey FROM orders JOIN lineitem ON o_orderkey = l_orderkey WHERE l_quantity > 20 UNION SELECT o_custkey FROM orders JOIN lineitem ON o_orderkey = l_orderkey WHERE l_quantity > 30)) AND l.l_linenumber >= 6 AND l.l_orderkey < 3711321 AND l.l_shipinstruct LIKE 'TAKE BACK RETURN%' AND l.l_shipdate >= '1994-05-28' AND l.l_receiptdate > '1993-06-11'  GROUP BY c.c_custkey LIMIT 100;"
37,tpch,"SELECT MIN(l.l_shipinstruct) AS min_l_l_shipinstruct, AVG(p.p_retailprice) AS avg_p_p_retailprice, COUNT(l.l_quantity) AS count_l_l_quantity, COUNT(l.l_extendedprice) AS count_l_l_extendedprice, l.l_partkey AS l_l_partkey, SUM(n.n_nationkey) AS sum_n_n_nationkey, COUNT(l.l_discount) AS count_l_l_discount, MIN(l.l_comment) AS min_l_l_comment, MAX(l.l_linestatus) AS max_l_l_linestatus, COUNT(l.l_orderkey) AS count_l_l_orderkey FROM lineitem l, nation n, part p WHERE p.p_size > (SELECT COUNT(DISTINCT s_suppkey) FROM (SELECT s_suppkey, s_phone FROM supplier WHERE s_acctbal < 3000 ) t) AND l.l_linenumber = (SELECT COUNT(DISTINCT c_custkey) FROM (SELECT c_custkey FROM customer WHERE c_acctbal < 3000 UNION ALL SELECT o_custkey FROM orders WHERE o_totalprice > 5000) t JOIN nation ON n_nationkey = t.c_custkey) AND EXISTS (SELECT p_3.p_type FROM part p_3 WHERE p_3.p_partkey IN (SELECT l_3.l_partkey FROM lineitem l_3 WHERE l_3.l_quantity > 30 UNION ALL SELECT l2_3.l_partkey FROM lineitem l2_3 WHERE l2_3.l_extendedprice < 500 GROUP BY l2_3.l_partkey) AND p_3.p_size > 10) AND n.n_nationkey > (SELECT COUNT(DISTINCT s_suppkey) FROM supplier WHERE s_acctbal > 1000 AND (s_nationkey = 5 OR s_nationkey = 10) AND 4+4=8 AND s_nationkey IN (SELECT n_nationkey FROM nation WHERE n_regionkey = 1 AND 5*6=30)) AND l.l_linenumber = (SELECT COUNT(DISTINCT l_orderkey) FROM lineitem WHERE l_partkey IN (SELECT p_partkey FROM part WHERE p_type LIKE 'MEDIUM%') AND l_suppkey IN (SELECT s_suppkey FROM supplier WHERE s_acctbal > 5000) AND l_quantity > 20) AND l.l_shipinstruct LIKE 'COLLECT COD%' AND l.l_partkey < 47332 AND l.l_suppkey = 4361 AND l.l_extendedprice <= 15846.148921471542 AND p.p_name LIKE 'cornflower navajo indian bisque dark%'  GROUP BY l.l_partkey LIMIT 50;"
38,tpch,"SELECT MIN(p.p_container) AS min_p_p_container, p.p_comment AS p_p_comment, COUNT(p.p_size) AS count_p_p_size, MIN(p.p_type) AS min_p_p_type, MIN(p.p_comment) AS min_p_p_comment, MAX(p.p_partkey) AS max_p_p_partkey, MIN(p.p_brand) AS min_p_p_brand, AVG(p.p_retailprice) AS avg_p_p_retailprice, MIN(p.p_size) AS min_p_p_size, MAX(p.p_brand) AS max_p_p_brand FROM part p WHERE EXISTS (SELECT AVG(p_retailprice) FROM (SELECT p_retailprice, p_type FROM part WHERE p_size < 20 UNION ALL SELECT p_retailprice, p_type FROM part WHERE p_size >= 20 GROUP BY p_retailprice, p_type) p JOIN (SELECT ps_partkey, ps_supplycost FROM partsupp) ps ON p.p_retailprice = ps.ps_partkey GROUP BY ps.ps_supplycost) AND EXISTS (SELECT COUNT(o_orderkey) FROM (SELECT o_orderkey, o_orderstatus FROM orders JOIN customer ON o_custkey = c_custkey WHERE o_totalprice < 5000 ) AS t_2 GROUP BY o_orderstatus ORDER BY o_orderstatus) AND EXISTS (SELECT p_name FROM (SELECT p_name, p_size FROM part WHERE p_size = 5 ) AS subq_3 WHERE p_size > 4 ORDER BY p_size) AND EXISTS (SELECT l_shipmode FROM (SELECT l_shipmode, l_orderkey FROM lineitem WHERE l_orderkey = 8 ) AS subq_4 WHERE l_orderkey > 7 ORDER BY l_orderkey) AND p.p_size > (SELECT COUNT(DISTINCT p_partkey) FROM part JOIN (SELECT ps_partkey FROM partsupp WHERE ps_availqty > 150 UNION ALL SELECT ps_partkey FROM partsupp WHERE ps_supplycost < 8) AS subq_5 ON part.p_partkey = subq_5.ps_partkey) AND p.p_type LIKE 'PROMO BURNISHED COPPER%' AND p.p_container LIKE 'JUMBO CASE%' AND p.p_brand LIKE 'Brand#23%' AND p.p_size > 36 AND p.p_retailprice > 1587.05675076142  GROUP BY p.p_comment LIMIT 30;"
39,tpch,"SELECT MAX(n.n_nationkey) AS max_n_n_nationkey, COUNT(p.p_container) AS count_p_p_container, COUNT(p.p_comment) AS count_p_p_comment, MIN(p.p_brand) AS min_p_p_brand, MIN(p.p_mfgr) AS min_p_p_mfgr, COUNT(n.n_name) AS count_n_n_name, MIN(p.p_type) AS min_p_p_type, p.p_type AS p_p_type, MAX(p.p_container) AS max_p_p_container, MIN(p.p_partkey) AS min_p_p_partkey FROM nation n, part p WHERE EXISTS (SELECT s_name FROM supplier WHERE s_suppkey IN (SELECT ps_suppkey FROM partsupp WHERE ps_availqty > 75 ) UNION SELECT s_name FROM supplier WHERE s_suppkey IN (SELECT ps_suppkey FROM partsupp WHERE ps_availqty < 75 ) ORDER BY s_name) AND n.n_nationkey > (SELECT COUNT(DISTINCT p_partkey) FROM (SELECT p_partkey, p_retailprice FROM part WHERE p_container = 'SM BOX' ) t) AND EXISTS (SELECT o_orderkey FROM orders WHERE o_custkey IN (SELECT c_custkey FROM customer WHERE c_acctbal > 1000 UNION SELECT o_custkey FROM orders WHERE o_orderdate > '1996-01-01') AND o_orderstatus IN (SELECT o_orderstatus FROM orders JOIN customer ON o_custkey = c_custkey WHERE c_mktsegment = 'BUILDING')) AND EXISTS (SELECT COUNT(*) FROM (SELECT l_orderkey FROM lineitem UNION SELECT o_orderkey FROM (SELECT o_orderkey, COUNT(*) FROM orders GROUP BY o_orderkey HAVING COUNT(*) > 2) AS subq_4) AS t_4) AND p.p_brand IN (SELECT DISTINCT p_brand FROM part UNION SELECT c_phone FROM customer UNION SELECT c_phone FROM (SELECT DISTINCT c_phone FROM customer AS c1_5 WHERE c_acctbal < 1500) AS subq_5) AND n.n_name LIKE 'UNITED STATES%' AND p.p_retailprice = 1130.9369881484597 AND p.p_partkey >= 53431 AND p.p_mfgr LIKE 'Manufacturer#1%' AND p.p_name LIKE 'white papaya dim chartreuse pink%'  GROUP BY p.p_type LIMIT 100;"
40,tpch,"SELECT MAX(p.p_partkey) AS max_p_p_partkey, MIN(p.p_name) AS min_p_p_name, MIN(p.p_size) AS min_p_p_size, p.p_name AS p_p_name, COUNT(p.p_type) AS count_p_p_type, p.p_comment AS p_p_comment, MAX(p.p_mfgr) AS max_p_p_mfgr, MAX(p.p_type) AS max_p_p_type, AVG(p.p_retailprice) AS avg_p_p_retailprice, MAX(p.p_retailprice) AS max_p_p_retailprice FROM part p WHERE p.p_name IN (SELECT DISTINCT p_name FROM part UNION SELECT DISTINCT c_address FROM customer WHERE c_acctbal > 2000 UNION SELECT DISTINCT l_shipmode FROM lineitem WHERE l_tax < 0.08) AND EXISTS (SELECT DISTINCT p_retailprice FROM (SELECT p_retailprice FROM part UNION ALL SELECT c_acctbal FROM customer) AS u_2 JOIN lineitem ON u_2.p_retailprice = l_tax) AND EXISTS (SELECT o_clerk FROM (SELECT o_clerk FROM orders WHERE o_orderkey IN (SELECT l_orderkey FROM lineitem WHERE l_receiptdate > '1997-01-01' UNION SELECT l_orderkey FROM lineitem WHERE l_extendedprice > 500) UNION ALL SELECT o_clerk FROM orders WHERE o_orderkey IN (SELECT l_orderkey FROM lineitem WHERE l_shipinstruct = 'DELIVER IN PERSON' UNION ALL SELECT l_orderkey FROM lineitem WHERE l_shipmode = 'RAIL')) t GROUP BY o_clerk) AND EXISTS (SELECT s_4.s_name FROM supplier s_4 WHERE s_4.s_suppkey IN (SELECT ps_4.ps_suppkey FROM partsupp ps_4 WHERE ps_4.ps_supplycost < 50 UNION ALL SELECT ps2_4.ps_suppkey FROM partsupp ps2_4 WHERE ps2_4.ps_availqty > 100 GROUP BY ps2_4.ps_suppkey) AND s_4.s_acctbal > 5000) AND EXISTS (SELECT DISTINCT s_acctbal FROM (SELECT s_acctbal FROM supplier UNION ALL SELECT c_acctbal FROM customer) AS u_5 JOIN orders ON u_5.s_acctbal = o_shippriority) AND p.p_retailprice <= 1494.0670934961224 AND p.p_size < 49 AND p.p_container LIKE 'SM JAR%' AND p.p_type LIKE 'SMALL ANODIZED TIN%' AND p.p_mfgr LIKE 'Manufacturer#4%'  GROUP BY p.p_name, p.p_comment LIMIT 100;"
41,tpch,"SELECT n.n_comment AS n_n_comment, s.s_nationkey AS s_s_nationkey, AVG(p.p_partkey) AS avg_p_p_partkey, COUNT(s.s_name) AS count_s_s_name, MAX(s.s_comment) AS max_s_s_comment, p.p_comment AS p_p_comment, p.p_name AS p_p_name, MIN(p.p_comment) AS min_p_p_comment, COUNT(s.s_nationkey) AS count_s_s_nationkey, MAX(s.s_acctbal) AS max_s_s_acctbal FROM nation n, part p, supplier s WHERE s.s_suppkey > (SELECT COUNT(*) FROM (SELECT o_totalprice FROM orders UNION ALL SELECT l_extendedprice FROM lineitem ) t) AND p.p_size > (SELECT COUNT(DISTINCT r_regionkey) FROM region WHERE r_name = 'ASIA' AND (r_regionkey = 1 OR r_regionkey = 2) AND r_comment LIKE 'B%') AND EXISTS (SELECT COUNT(o_orderkey) FROM (SELECT o_orderkey, o_clerk FROM orders WHERE o_orderdate BETWEEN DATE '1997-01-01' AND DATE '1997-06-30' ) t GROUP BY o_clerk ORDER BY o_clerk) AND EXISTS (SELECT o_4.o_clerk FROM orders o_4 WHERE o_4.o_orderkey IN (SELECT l_4.l_orderkey FROM lineitem l_4 WHERE l_4.l_discount > 0.05 UNION ALL SELECT l2_4.l_orderkey FROM lineitem l2_4 WHERE l2_4.l_shipdate < DATE '1995-06-01' GROUP BY l2_4.l_orderkey) AND o_4.o_totalprice < 5000) AND n.n_nationkey = (SELECT COUNT(DISTINCT p_partkey) FROM (SELECT p_partkey, p_type FROM part WHERE p_size < 15 AND p_retailprice > 100 ) t) AND n.n_nationkey = s.s_nationkey AND p.p_type LIKE 'PROMO POLISHED TIN%' AND p.p_size <= 4 AND n.n_regionkey <= 3 AND s.s_acctbal >= 1697.2545711721193 AND n.n_name LIKE 'KENYA%'  GROUP BY n.n_comment, p.p_name, s.s_nationkey, p.p_comment LIMIT 50;"
42,tpch,"SELECT COUNT(ps.ps_suppkey) AS count_ps_ps_suppkey, MAX(ps.ps_comment) AS max_ps_ps_comment, MAX(p.p_mfgr) AS max_p_p_mfgr, COUNT(p.p_brand) AS count_p_p_brand, MIN(ps.ps_availqty) AS min_ps_ps_availqty, MAX(p.p_type) AS max_p_p_type, COUNT(p.p_retailprice) AS count_p_p_retailprice, MIN(r.r_name) AS min_r_r_name, MIN(p.p_name) AS min_p_p_name, COUNT(p.p_type) AS count_p_p_type FROM part p, partsupp ps, region r WHERE r.r_regionkey = (SELECT COUNT(DISTINCT s_suppkey) FROM supplier WHERE s_nationkey IN (SELECT n_nationkey FROM nation WHERE n_regionkey = 3) AND s_acctbal < 3000 AND s_phone LIKE '27%') AND p.p_retailprice = (SELECT COUNT(DISTINCT c_custkey) FROM customer WHERE c_acctbal < 3000 AND (c_mktsegment = 'FURNITURE' OR c_mktsegment = 'HOUSEHOLD') AND c_phone LIKE '30%') AND EXISTS (SELECT AVG(l_extendedprice) FROM (SELECT l_extendedprice, l_shipmode FROM lineitem JOIN supplier ON l_suppkey = s_suppkey WHERE l_tax > 0.02 ) AS t_3 GROUP BY l_shipmode ORDER BY l_shipmode) AND ps.ps_suppkey = (SELECT COUNT(DISTINCT ps_suppkey) FROM partsupp WHERE ps_supplycost < 30 AND (ps_availqty = 50 OR ps_availqty = 150) AND ps_comment LIKE 'Regular%') AND ps.ps_availqty > (SELECT COUNT(DISTINCT p_partkey) FROM (SELECT p_partkey FROM part WHERE p_size > 10 UNION ALL SELECT ps_partkey FROM partsupp WHERE ps_supplycost < 50) t JOIN supplier ON s_suppkey = t.p_partkey) AND ps.ps_partkey = p.p_partkey AND p.p_container LIKE 'SM CASE%' AND p.p_retailprice > 1895.8234298253337 AND r.r_name LIKE 'MIDDLE EAST%' AND ps.ps_partkey <= 130721 AND ps.ps_suppkey >= 2526  LIMIT 50;"
43,tpch,"SELECT COUNT(c.c_name) AS count_c_c_name, COUNT(ps.ps_suppkey) AS count_ps_ps_suppkey, MAX(c.c_acctbal) AS max_c_c_acctbal, COUNT(s.s_address) AS count_s_s_address, o.o_custkey AS o_o_custkey, COUNT(c.c_mktsegment) AS count_c_c_mktsegment, SUM(o.o_orderkey) AS sum_o_o_orderkey, SUM(c.c_acctbal) AS sum_c_c_acctbal, MAX(c.c_custkey) AS max_c_c_custkey, MAX(o.o_orderkey) AS max_o_o_orderkey FROM customer c, orders o, partsupp ps, supplier s WHERE c.c_address IN (SELECT DISTINCT c_address FROM customer UNION SELECT DISTINCT n_comment FROM nation WHERE n_regionkey = 3 UNION SELECT DISTINCT p_mfgr FROM part WHERE p_size < 8) AND o.o_orderstatus IN (SELECT o_orderstatus FROM (SELECT o_orderstatus, o_orderdate FROM orders ) AS subq_2 UNION SELECT n_comment FROM nation) AND s.s_address IN (SELECT s_address FROM supplier WHERE s_suppkey IN (SELECT ps_suppkey FROM partsupp WHERE ps_supplycost > 200 ) UNION SELECT s_address FROM supplier WHERE s_suppkey IN (SELECT ps_suppkey FROM partsupp WHERE ps_supplycost < 200 ) ORDER BY s_address) AND ps.ps_availqty > (SELECT COUNT(*) FROM (SELECT c_acctbal FROM customer UNION ALL SELECT s_acctbal FROM supplier ) t) AND EXISTS (SELECT AVG(p_retailprice) FROM (SELECT p_retailprice, p_type FROM part JOIN partsupp ON p_partkey = ps_partkey WHERE p_size > 10 ) AS t_5 GROUP BY p_type ORDER BY p_type) AND ps.ps_suppkey = s.s_suppkey AND c.c_custkey = o.o_custkey AND s.s_nationkey >= 16 AND s.s_acctbal >= -825.0197196296876 AND c.c_mktsegment LIKE 'FURNITURE%' AND ps.ps_availqty <= 5270 AND c.c_name LIKE 'Customer#000002431%'  GROUP BY o.o_custkey LIMIT 100;"
44,tpch,"SELECT c.c_phone AS c_c_phone, COUNT(l.l_extendedprice) AS count_l_l_extendedprice, COUNT(c.c_name) AS count_c_c_name, MIN(l.l_shipDATE) AS min_l_l_shipDATE, MIN(l.l_shipinstruct) AS min_l_l_shipinstruct, o.o_totalprice AS o_o_totalprice, COUNT(c.c_comment) AS count_c_c_comment, AVG(o.o_custkey) AS avg_o_o_custkey, MIN(l.l_shipmode) AS min_l_l_shipmode, COUNT(l.l_linestatus) AS count_l_l_linestatus FROM customer c, lineitem l, orders o WHERE EXISTS (SELECT DISTINCT c_phone FROM customer UNION SELECT DISTINCT s_phone FROM supplier WHERE s_acctbal > 5000 UNION SELECT DISTINCT l_returnflag FROM lineitem WHERE l_discount < 0.05) AND EXISTS (SELECT DISTINCT c_comment FROM customer UNION SELECT l_comment FROM lineitem UNION SELECT l_comment FROM (SELECT DISTINCT l_comment FROM lineitem AS l1_2 WHERE l_tax < 0.05) AS subq_2) AND c.c_address IN (SELECT c_address FROM (SELECT c_address, c_mktsegment FROM customer WHERE c_mktsegment = 'AUTOMOBILE' ) AS subq_3 WHERE c_mktsegment != 'BUILDING' ORDER BY c_mktsegment) AND o.o_clerk IN (SELECT o_clerk FROM orders WHERE o_custkey IN (SELECT c_custkey FROM customer WHERE c_acctbal > 2000 UNION SELECT o_custkey FROM orders WHERE o_orderdate < '1993-06-30') AND o_shippriority IN (SELECT o_shippriority FROM orders JOIN customer ON o_custkey = c_custkey WHERE c_mktsegment = 'HOUSEHOLD')) AND l.l_linenumber > (SELECT COUNT(DISTINCT o_orderkey) FROM orders JOIN (SELECT c_custkey FROM customer WHERE c_mktsegment = 'MACHINERY' UNION ALL SELECT c_custkey FROM customer WHERE c_acctbal > 1500) AS cust_union_5 ON orders.o_custkey = cust_union_5.c_custkey) AND c.c_custkey = o.o_custkey AND o.o_orderkey = l.l_orderkey AND l.l_suppkey >= 6874 AND l.l_tax >= 0.04121421411866546 AND l.l_shipdate <= '1993-05-17' AND c.c_custkey > 124909 AND o.o_orderpriority LIKE '3-MEDIUM%'  GROUP BY c.c_phone, o.o_totalprice LIMIT 100;"
45,tpch,"SELECT n.n_comment AS n_n_comment, MIN(c.c_nationkey) AS min_c_c_nationkey, AVG(n.n_regionkey) AS avg_n_n_regionkey, n.n_name AS n_n_name, MAX(c.c_address) AS max_c_c_address, MAX(n.n_nationkey) AS max_n_n_nationkey, MIN(c.c_comment) AS min_c_c_comment, MAX(c.c_mktsegment) AS max_c_c_mktsegment, MAX(n.n_comment) AS max_n_n_comment, MAX(n.n_name) AS max_n_n_name FROM customer c, nation n WHERE c.c_name IN (SELECT c_name FROM customer WHERE c_custkey IN (SELECT o_custkey FROM orders JOIN lineitem ON o_orderkey = l_orderkey WHERE l_quantity > 10 UNION SELECT o_custkey FROM orders JOIN lineitem ON o_orderkey = l_orderkey WHERE l_quantity > 20 UNION SELECT o_custkey FROM orders JOIN lineitem ON o_orderkey = l_orderkey WHERE l_quantity > 30)) AND EXISTS (SELECT p_brand FROM (SELECT p_brand FROM part WHERE p_partkey IN (SELECT l_partkey FROM lineitem WHERE l_shipdate > '1996-12-31' UNION SELECT l_partkey FROM lineitem WHERE l_discount > 0.1) UNION ALL SELECT p_brand FROM part WHERE p_partkey IN (SELECT l_partkey FROM lineitem WHERE l_returnflag = 'A' UNION ALL SELECT l_partkey FROM lineitem WHERE l_shipmode = 'TRUCK')) t GROUP BY p_brand) AND EXISTS (SELECT AVG(ps_supplycost) FROM (SELECT ps_supplycost, s_name FROM partsupp JOIN supplier ON ps_suppkey = s_suppkey WHERE ps_availqty > 50 ) AS t_3 GROUP BY s_name ORDER BY s_name) AND EXISTS (SELECT SUM(ps_supplycost) FROM (SELECT ps_supplycost, ps_partkey FROM partsupp JOIN supplier ON ps_suppkey = s_suppkey WHERE s_nationkey = 4 UNION SELECT ps_supplycost, ps_partkey FROM partsupp JOIN part ON ps_partkey = p_partkey WHERE p_size < 15 AND p_type IN (SELECT p_type FROM part WHERE p_retailprice > 100)) AS subq_4 GROUP BY ps_partkey) AND n.n_name IN (SELECT n_name FROM nation WHERE n_nationkey IN (SELECT c_nationkey FROM customer WHERE c_acctbal > 5000 ) UNION SELECT n_name FROM nation WHERE n_nationkey IN (SELECT c_nationkey FROM customer WHERE c_acctbal < 5000 ) ORDER BY n_name) AND c.c_nationkey = n.n_nationkey AND c.c_acctbal < -35.9101287693079 AND n.n_name LIKE 'UNITED STATES%' AND c.c_mktsegment LIKE 'FURNITURE%' AND c.c_nationkey <= 10 AND c.c_custkey < 94607  GROUP BY n.n_comment, n.n_name LIMIT 10;"
46,tpch,"SELECT p.p_brand AS p_p_brand, MIN(p.p_brand) AS min_p_p_brand, s.s_address AS s_s_address, MAX(s.s_phone) AS max_s_s_phone, MAX(p.p_brand) AS max_p_p_brand, SUM(p.p_partkey) AS sum_p_p_partkey, COUNT(s.s_name) AS count_s_s_name, SUM(p.p_size) AS sum_p_p_size, MAX(p.p_size) AS max_p_p_size, MAX(p.p_container) AS max_p_p_container FROM part p, supplier s WHERE EXISTS (SELECT c_address FROM (SELECT c_address, c_nationkey FROM customer ) AS subq_1 UNION SELECT s_address FROM supplier) AND p.p_partkey IN (SELECT DISTINCT p_partkey FROM part UNION SELECT ps_partkey FROM partsupp WHERE ps_availqty > 500) AND s.s_acctbal = (SELECT COUNT(DISTINCT p_partkey) FROM part JOIN (SELECT ps_partkey FROM partsupp WHERE ps_availqty > 75 UNION ALL SELECT ps_partkey FROM partsupp WHERE ps_supplycost < 15) AS subq_3 ON part.p_partkey = subq_3.ps_partkey) AND EXISTS (SELECT n_name FROM (SELECT n_name FROM nation WHERE n_nationkey IN (SELECT c_nationkey FROM customer WHERE c_acctbal > 1000 ) UNION ALL SELECT n_name FROM nation WHERE n_regionkey = 1) t GROUP BY n_name ORDER BY n_name) AND EXISTS (SELECT p_brand FROM (SELECT p_brand FROM part WHERE p_partkey IN (SELECT l_partkey FROM lineitem WHERE l_shipdate > '1996-12-31' UNION SELECT l_partkey FROM lineitem WHERE l_discount > 0.1) UNION ALL SELECT p_brand FROM part WHERE p_partkey IN (SELECT l_partkey FROM lineitem WHERE l_returnflag = 'A' UNION ALL SELECT l_partkey FROM lineitem WHERE l_shipmode = 'TRUCK')) t GROUP BY p_brand) AND p.p_type LIKE 'LARGE BURNISHED BRASS%' AND p.p_container LIKE 'WRAP DRUM%' AND s.s_nationkey < 12 AND s.s_name LIKE 'Supplier#000008765%' AND p.p_name LIKE 'khaki forest lime white coral%'  GROUP BY s.s_address, p.p_brand LIMIT 10;"
47,tpch,"SELECT COUNT(o.o_custkey) AS count_o_o_custkey, COUNT(o.o_comment) AS count_o_o_comment, MIN(o.o_orderDATE) AS min_o_o_orderDATE, MAX(o.o_totalprice) AS max_o_o_totalprice, MIN(o.o_comment) AS min_o_o_comment, MAX(o.o_orderkey) AS max_o_o_orderkey, COUNT(o.o_shippriority) AS count_o_o_shippriority, MAX(o.o_orderstatus) AS max_o_o_orderstatus, AVG(o.o_custkey) AS avg_o_o_custkey, COUNT(o.o_clerk) AS count_o_o_clerk FROM orders o WHERE EXISTS (SELECT p_mfgr FROM (SELECT p_mfgr, p_size FROM part WHERE p_size = 10 ) AS subq_1 WHERE p_size > 9 ORDER BY p_size) AND o.o_clerk IN (SELECT o_clerk FROM orders WHERE o_custkey IN (SELECT c_custkey FROM customer WHERE c_acctbal > 2000 UNION SELECT o_custkey FROM orders WHERE o_orderdate < '1993-06-30') AND o_shippriority IN (SELECT o_shippriority FROM orders JOIN customer ON o_custkey = c_custkey WHERE c_mktsegment = 'HOUSEHOLD')) AND o.o_orderkey = (SELECT COUNT(DISTINCT ps_partkey) FROM partsupp WHERE ps_suppkey IN (SELECT s_suppkey FROM supplier WHERE s_acctbal > 5000 UNION SELECT s_suppkey FROM supplier WHERE s_nationkey = 1)) AND EXISTS (SELECT AVG(p_size) FROM (SELECT p_size, p_mfgr FROM part WHERE p_retailprice > 50 ) t GROUP BY p_mfgr ORDER BY p_mfgr) AND EXISTS (SELECT o_comment FROM (SELECT o_comment FROM orders WHERE o_orderkey IN (SELECT l_orderkey FROM lineitem WHERE l_commitdate < '1995-06-30' UNION SELECT l_orderkey FROM lineitem WHERE l_extendedprice < 300) UNION ALL SELECT o_comment FROM orders WHERE o_orderkey IN (SELECT l_orderkey FROM lineitem WHERE l_shipinstruct = 'NONE' UNION ALL SELECT l_orderkey FROM lineitem WHERE l_shipmode = 'SHIP')) t GROUP BY o_comment) AND o.o_totalprice <= 291288.4833513919 AND o.o_custkey >= 148440 AND o.o_orderpriority LIKE '3-MEDIUM%' AND o.o_orderkey <= 3474094 AND o.o_orderdate <= '1998-06-01'  LIMIT 30;"
48,tpch,"SELECT MAX(o.o_comment) AS max_o_o_comment, MIN(c.c_comment) AS min_c_c_comment, COUNT(o.o_orderkey) AS count_o_o_orderkey, MIN(c.c_address) AS min_c_c_address, COUNT(c.c_mktsegment) AS count_c_c_mktsegment, o.o_orderkey AS o_o_orderkey, c.c_acctbal AS c_c_acctbal, MIN(o.o_orderpriority) AS min_o_o_orderpriority, MAX(o.o_shippriority) AS max_o_o_shippriority, SUM(ps.ps_supplycost) AS sum_ps_ps_supplycost FROM customer c, orders o, partsupp ps WHERE c.c_name IN (SELECT c_name FROM customer WHERE c_custkey IN (SELECT o_custkey FROM orders WHERE o_orderdate > '1995-01-01' ) UNION SELECT c_name FROM customer WHERE c_custkey IN (SELECT o_custkey FROM orders WHERE o_orderdate < '1995-01-01' ) ORDER BY c_name) AND o.o_orderkey > (SELECT COUNT(*) FROM (SELECT s_name FROM supplier UNION ALL SELECT n_name FROM nation ) t) AND EXISTS (SELECT o_orderkey FROM orders WHERE o_custkey IN (SELECT c_custkey FROM customer WHERE c_acctbal > 1000 UNION SELECT o_custkey FROM orders WHERE o_orderdate > '1996-01-01') AND o_orderstatus IN (SELECT o_orderstatus FROM orders JOIN customer ON o_custkey = c_custkey WHERE c_mktsegment = 'BUILDING')) AND EXISTS (SELECT MIN(p_retailprice) FROM (SELECT p_retailprice, p_brand FROM part JOIN partsupp ON p_partkey = ps_partkey WHERE ps_availqty > 100 UNION SELECT p_retailprice, p_brand FROM part JOIN lineitem ON p_partkey = l_partkey WHERE l_quantity > 30 AND l_shipmode IN (SELECT l_shipmode FROM lineitem WHERE l_receiptdate < '1995-01-01')) AS subq_4 GROUP BY p_brand) AND ps.ps_availqty > (SELECT COUNT(DISTINCT p_partkey) FROM part WHERE p_retailprice > 200 AND (p_size = 10 OR p_size = 20) AND p_type LIKE 'STANDARD%') AND c.c_custkey = o.o_custkey AND ps.ps_availqty > 7953 AND c.c_name LIKE 'Customer#000016613%' AND o.o_totalprice > 148231.51242348677 AND c.c_acctbal = 6420.544723504297 AND ps.ps_suppkey <= 7475  GROUP BY c.c_acctbal, o.o_orderkey LIMIT 50;"
49,tpch,"SELECT SUM(l.l_partkey) AS sum_l_l_partkey, l.l_linenumber AS l_l_linenumber, MAX(l.l_tax) AS max_l_l_tax, COUNT(ps.ps_availqty) AS count_ps_ps_availqty, MIN(l.l_commitDATE) AS min_l_l_commitDATE, l.l_shipmode AS l_l_shipmode, AVG(ps.ps_suppkey) AS avg_ps_ps_suppkey, MIN(ps.ps_availqty) AS min_ps_ps_availqty, COUNT(l.l_tax) AS count_l_l_tax, COUNT(ps.ps_partkey) AS count_ps_ps_partkey FROM lineitem l, partsupp ps WHERE EXISTS (SELECT DISTINCT s_acctbal FROM (SELECT s_acctbal FROM supplier UNION ALL SELECT c_acctbal FROM customer) AS u_1 JOIN orders ON u_1.s_acctbal = o_shippriority) AND ps.ps_partkey = (SELECT COUNT(DISTINCT n_nationkey) FROM nation JOIN (SELECT s_nationkey FROM supplier WHERE s_acctbal < 2000 UNION ALL SELECT s_nationkey FROM supplier WHERE s_comment LIKE '%reliable%') AS subq_2 ON nation.n_nationkey = subq_2.s_nationkey) AND EXISTS (SELECT COUNT(*) FROM (SELECT s_suppkey FROM supplier UNION SELECT ps_suppkey FROM (SELECT ps_suppkey, COUNT(*) FROM partsupp GROUP BY ps_suppkey HAVING COUNT(*) > 5) AS subq_3) AS t_3) AND EXISTS (SELECT s_4.s_phone FROM supplier s_4 WHERE s_4.s_suppkey IN (SELECT ps_4.ps_suppkey FROM partsupp ps_4 WHERE ps_4.ps_supplycost > 150 UNION ALL SELECT ps2_4.ps_suppkey FROM partsupp ps2_4 WHERE ps2_4.ps_availqty > 200 GROUP BY ps2_4.ps_suppkey) AND s_4.s_acctbal < 4000) AND l.l_partkey > (SELECT COUNT(DISTINCT s_suppkey) FROM supplier WHERE s_acctbal > 2000 AND (s_nationkey = 3 OR s_nationkey = 4) AND s_phone LIKE '40%') AND ps.ps_partkey = l.l_partkey AND ps.ps_suppkey = l.l_suppkey AND l.l_receiptdate < '1996-03-19' AND ps.ps_partkey = 10246 AND l.l_linestatus LIKE 'F%' AND ps.ps_availqty < 720 AND l.l_shipmode LIKE 'FOB%'  GROUP BY l.l_linenumber, l.l_shipmode LIMIT 50;"
50,tpch,"SELECT MAX(l.l_comment) AS max_l_l_comment, MIN(l.l_linenumber) AS min_l_l_linenumber, COUNT(l.l_suppkey) AS count_l_l_suppkey, MIN(l.l_orderkey) AS min_l_l_orderkey, COUNT(l.l_returnflag) AS count_l_l_returnflag, l.l_partkey AS l_l_partkey, l.l_shipDATE AS l_l_shipDATE, COUNT(l.l_shipinstruct) AS count_l_l_shipinstruct, l.l_commitDATE AS l_l_commitDATE, MIN(l.l_linestatus) AS min_l_l_linestatus FROM lineitem l WHERE l.l_tax > (SELECT COUNT(DISTINCT ps_partkey) FROM partsupp WHERE ps_suppkey IN (SELECT s_suppkey FROM supplier WHERE s_acctbal > 7000 UNION SELECT s_suppkey FROM supplier WHERE s_nationkey = 2)) AND EXISTS (SELECT MAX(p_size) FROM (SELECT p_size, p_type FROM part JOIN lineitem ON p_partkey = l_partkey WHERE p_retailprice > 100 ) AS t_2 GROUP BY p_type ORDER BY p_type) AND EXISTS (SELECT c_name FROM (SELECT c_name FROM customer WHERE c_custkey IN (SELECT o_custkey FROM orders WHERE o_orderdate > '1995-01-01' ) UNION ALL SELECT c_name FROM customer WHERE c_acctbal < 0) t GROUP BY c_name ORDER BY c_name) AND EXISTS (SELECT DISTINCT p_partkey FROM part UNION SELECT ps_partkey FROM partsupp WHERE ps_availqty > 500) AND EXISTS (SELECT l_shipmode FROM (SELECT l_shipmode FROM lineitem WHERE l_orderkey IN (SELECT o_orderkey FROM orders WHERE o_orderdate < '1994-01-01' ) UNION ALL SELECT l_shipmode FROM lineitem WHERE l_quantity > 25) t GROUP BY l_shipmode ORDER BY l_shipmode) AND l.l_extendedprice < 99090.62184947089 AND l.l_orderkey > 2707034 AND l.l_shipmode LIKE 'FOB%' AND l.l_shipdate > '1994-10-17' AND l.l_quantity = 43.6410077660468  GROUP BY l.l_partkey, l.l_shipDATE, l.l_commitDATE LIMIT 10;"
